Candidato,Video,img,O_prediction,C_prediction,E_prediction,A_prediction,N_prediction
Abinader,Abinader1,Abinader1_resultadoskeyframe_116.jpg,0.54191506,0.51124644,0.44319665,0.52610683,0.49399737
Abinader,Abinader1,Abinader1_resultadoskeyframe_164.jpg,0.5586382,0.5213991,0.4638681,0.5382551,0.5102781
Abinader,Abinader1,Abinader1_resultadoskeyframe_18.jpg,0.5334301,0.51088405,0.435506,0.52186185,0.49149352
Abinader,Abinader1,Abinader1_resultadoskeyframe_277.jpg,0.55655074,0.53482366,0.45993167,0.5384155,0.51286006
Abinader,Abinader1,Abinader1_resultadoskeyframe_395.jpg,0.5365908,0.5050153,0.4375937,0.52120996,0.48856688
Abinader,Abinader1,Abinader1_resultadoskeyframe_403.jpg,0.51373076,0.4941424,0.4103139,0.5082823,0.47620374
Abinader,Abinader1,Abinader1_resultadoskeyframe_508.jpg,0.522173,0.4924959,0.42192248,0.51266235,0.47652417
Abinader,Abinader1,Abinader1_resultadoskeyframe_558.jpg,0.53552616,0.5033716,0.4362533,0.5232513,0.4872189
Abinader,Abinader1,Abinader1_resultadoskeyframe_602.jpg,0.5354122,0.5144676,0.436676,0.5251728,0.49271986
Abinader,Abinader1,Abinader1_resultadoskeyframe_675.jpg,0.53924155,0.5109378,0.44131082,0.52583826,0.49383134
Abinader,Abinader1,Abinader1_resultadoskeyframe_745.jpg,0.51884305,0.49938202,0.41796884,0.51238984,0.47908795
Abinader,Abinader1,Abinader1_resultadoskeyframe_87.jpg,0.52952933,0.509928,0.4310823,0.51828754,0.48632535
Abinader,Abinader2,Abinader2_resultadoskeyframe_120.jpg,0.4106294,0.5125374,0.28579122,0.41962576,0.42799103
Abinader,Abinader2,Abinader2_resultadoskeyframe_18.jpg,0.43985122,0.53227246,0.31560248,0.44787955,0.45569533
Abinader,Abinader2,Abinader2_resultadoskeyframe_215.jpg,0.43957907,0.530936,0.3122207,0.44388312,0.45610574
Abinader,Abinader2,Abinader2_resultadoskeyframe_308.jpg,0.4184879,0.52445436,0.2908659,0.42351663,0.4392599
Abinader,Abinader2,Abinader2_resultadoskeyframe_361.jpg,0.42197263,0.49417552,0.3068524,0.43375486,0.42449993
Abinader,Abinader2,Abinader2_resultadoskeyframe_416.jpg,0.41065717,0.49561805,0.28996316,0.4155279,0.4196457
Abinader,Abinader2,Abinader2_resultadoskeyframe_497.jpg,0.4249813,0.5151019,0.2999803,0.43226355,0.44040245
Abinader,Abinader2,Abinader2_resultadoskeyframe_545.jpg,0.43291894,0.5512448,0.30072996,0.4354706,0.4611902
Abinader,Abinader2,Abinader2_resultadoskeyframe_571.jpg,0.41679233,0.500749,0.2941646,0.42592305,0.42741236
Abinader,Abinader2,Abinader2_resultadoskeyframe_60.jpg,0.4157419,0.51287585,0.2925616,0.42278263,0.4317901
Abinader,Abinader2,Abinader2_resultadoskeyframe_664.jpg,0.4518925,0.5490556,0.32417214,0.45832813,0.46856835
Abinader,Abinader2,Abinader2_resultadoskeyframe_723.jpg,0.4205893,0.48570788,0.30446237,0.42880496,0.41979742
Abinader,Abinader2,Abinader2_resultadoskeyframe_752.jpg,0.43006745,0.5190276,0.30548877,0.43752128,0.44611353
Abinader,Abinader2,Abinader2_resultadoskeyframe_832.jpg,0.3975044,0.5032558,0.27266073,0.40386745,0.4188316
Abinader,Abinader2,Abinader2_resultadoskeyframe_887.jpg,0.4178365,0.50889957,0.29581338,0.42800745,0.42966074
Abinader,Abinader3,Abinader3_resultadoskeyframe_100.jpg,0.59778786,0.5571507,0.49842584,0.5662686,0.5474746
Abinader,Abinader3,Abinader3_resultadoskeyframe_171.jpg,0.5986458,0.55909437,0.5000125,0.5680817,0.5498431
Abinader,Abinader3,Abinader3_resultadoskeyframe_18.jpg,0.5934689,0.5516771,0.49417543,0.5620551,0.5428804
Abinader,Abinader3,Abinader3_resultadoskeyframe_206.jpg,0.5960843,0.5655514,0.5002544,0.5688286,0.5503788
Abinader,Abinader3,Abinader3_resultadoskeyframe_251.jpg,0.58734727,0.54867935,0.48819974,0.5617205,0.5376428
Abinader,Abinader3,Abinader3_resultadoskeyframe_341.jpg,0.5817415,0.5379337,0.48334855,0.552151,0.5288209
Abinader,Abinader3,Abinader3_resultadoskeyframe_39.jpg,0.5951568,0.55243266,0.49610934,0.5636947,0.54571104
Abinader,Abinader3,Abinader3_resultadoskeyframe_461.jpg,0.58729637,0.5364975,0.489854,0.55611193,0.5330366
Abinader,Abinader3,Abinader3_resultadoskeyframe_557.jpg,0.59210956,0.5540141,0.4926091,0.5633205,0.54278576
Abinader,Abinader3,Abinader3_resultadoskeyframe_641.jpg,0.59801346,0.55689526,0.49970347,0.56631196,0.54880524
Abinader,Abinader3,Abinader3_resultadoskeyframe_687.jpg,0.6015971,0.5569333,0.5034997,0.56726986,0.5510359
Abinader,Abinader3,Abinader3_resultadoskeyframe_746.jpg,0.5777421,0.5338038,0.48090422,0.5524744,0.52691764
Abinader,Abinader3,Abinader3_resultadoskeyframe_785.jpg,0.5946921,0.5576358,0.49692398,0.56539184,0.54523563
Abinader,Abinader3,Abinader3_resultadoskeyframe_854.jpg,0.58960235,0.53644335,0.48838502,0.5575974,0.53594565
Abinader,Abinader3,Abinader3_resultadoskeyframe_875.jpg,0.6049223,0.55513626,0.5056567,0.57040393,0.5507276
Abinader,Abinader4,Abinader4_resultadoskeyframe_122.jpg,0.4363745,0.5396292,0.3094964,0.4425889,0.45660973
Abinader,Abinader4,Abinader4_resultadoskeyframe_160.jpg,0.41416383,0.52297264,0.28833634,0.4200526,0.43646035
Abinader,Abinader4,Abinader4_resultadoskeyframe_18.jpg,0.43686092,0.5322207,0.30833685,0.4388743,0.45575097
Abinader,Abinader4,Abinader4_resultadoskeyframe_189.jpg,0.41295093,0.5069404,0.2880824,0.41981328,0.43010354
Abinader,Abinader4,Abinader4_resultadoskeyframe_242.jpg,0.43898803,0.5548942,0.30821383,0.44313186,0.46463928
Abinader,Abinader4,Abinader4_resultadoskeyframe_302.jpg,0.43767354,0.5329733,0.31145826,0.4404027,0.45355123
Abinader,Abinader4,Abinader4_resultadoskeyframe_385.jpg,0.43117148,0.53928065,0.29985318,0.43289834,0.45602065
Abinader,Abinader4,Abinader4_resultadoskeyframe_427.jpg,0.42098114,0.52407944,0.29142594,0.42300266,0.44243324
Abinader,Abinader4,Abinader4_resultadoskeyframe_464.jpg,0.43533552,0.53129005,0.3119709,0.44367558,0.45165282
Abinader,Abinader4,Abinader4_resultadoskeyframe_502.jpg,0.43372923,0.5182307,0.3118274,0.43860853,0.44452387
Abinader,Abinader4,Abinader4_resultadoskeyframe_534.jpg,0.41391516,0.52287066,0.28844392,0.42396894,0.43229634
Abinader,Abinader4,Abinader4_resultadoskeyframe_567.jpg,0.42958748,0.5188352,0.30254412,0.43309155,0.448371
Abinader,Abinader4,Abinader4_resultadoskeyframe_59.jpg,0.4413212,0.5444263,0.31432086,0.4477409,0.46110284
Abinader,Abinader4,Abinader4_resultadoskeyframe_611.jpg,0.42866153,0.5425086,0.29751235,0.42627683,0.45726326
Abinader,Abinader4,Abinader4_resultadoskeyframe_662.jpg,0.41356516,0.4974648,0.2933569,0.42355376,0.4249302
Abinader,Abinader4,Abinader4_resultadoskeyframe_697.jpg,0.41926625,0.5073357,0.29371852,0.42547888,0.43424478
Abinader,Abinader4,Abinader4_resultadoskeyframe_781.jpg,0.45138463,0.5564941,0.32118872,0.45407286,0.47439027
Abinader,Abinader4,Abinader4_resultadoskeyframe_815.jpg,0.4457621,0.5484128,0.31940562,0.44906253,0.46585488
Abinader,Abinader4,Abinader4_resultadoskeyframe_859.jpg,0.4289879,0.5373069,0.29964295,0.4303601,0.45347098
Abinader,Abinader5,Abinader5_resultadoskeyframe_12.jpg,0.58251655,0.5512015,0.4783991,0.56139636,0.5344114
Abinader,Abinader5,Abinader5_resultadoskeyframe_120.jpg,0.5599504,0.53549707,0.45707303,0.549164,0.5158887
Abinader,Abinader5,Abinader5_resultadoskeyframe_157.jpg,0.56699437,0.54344267,0.466368,0.55246055,0.52338344
Abinader,Abinader5,Abinader5_resultadoskeyframe_231.jpg,0.56585217,0.5239915,0.4644503,0.5437149,0.51232105
Abinader,Abinader5,Abinader5_resultadoskeyframe_309.jpg,0.5690348,0.5161153,0.46705508,0.54533815,0.51255554
Abinader,Abinader5,Abinader5_resultadoskeyframe_430.jpg,0.56406057,0.53789735,0.46325004,0.5523765,0.5195971
Abinader,Abinader5,Abinader5_resultadoskeyframe_473.jpg,0.56981874,0.53550756,0.46747136,0.5476872,0.51896155
Abinader,Abinader5,Abinader5_resultadoskeyframe_50.jpg,0.577134,0.5447264,0.47463202,0.5562215,0.52837586
Abinader,Abinader5,Abinader5_resultadoskeyframe_505.jpg,0.570991,0.5443095,0.4690518,0.55738264,0.52609533
Abinader,Abinader5,Abinader5_resultadoskeyframe_562.jpg,0.5691366,0.55147153,0.4683432,0.55788654,0.52858186
Abinader,Abinader5,Abinader5_resultadoskeyframe_595.jpg,0.5782603,0.5434476,0.476061,0.5565964,0.5291532
Abinader,Abinader5,Abinader5_resultadoskeyframe_628.jpg,0.5703528,0.5484712,0.46944696,0.55959034,0.5270426
Abinader,Abinader5,Abinader5_resultadoskeyframe_685.jpg,0.5822496,0.55481535,0.48185977,0.56436574,0.5376482
Abinader,Abinader5,Abinader5_resultadoskeyframe_729.jpg,0.56755865,0.5517424,0.46409935,0.5580722,0.5262208
Abinader,Abinader5,Abinader5_resultadoskeyframe_774.jpg,0.5727515,0.5416152,0.46993002,0.5538933,0.52427936
Abinader,Abinader5,Abinader5_resultadoskeyframe_818.jpg,0.5789605,0.54858637,0.4772873,0.5609039,0.53343916
Abinader,Abinader5,Abinader5_resultadoskeyframe_862.jpg,0.57127225,0.540716,0.46713543,0.5535004,0.52391434
Abinader,Abinader5,Abinader5_resultadoskeyframe_900.jpg,0.58526915,0.53765666,0.47968793,0.55585253,0.52799374
Abinader,Abinader6,Abinader6_resultadoskeyframe_118.jpg,0.54558784,0.47809517,0.43591446,0.5253395,0.48364872
Abinader,Abinader6,Abinader6_resultadoskeyframe_150.jpg,0.53839374,0.4879088,0.43269378,0.52565527,0.48565707
Abinader,Abinader6,Abinader6_resultadoskeyframe_179.jpg,0.54236203,0.49508107,0.43961006,0.5304835,0.4882812
Abinader,Abinader6,Abinader6_resultadoskeyframe_21.jpg,0.54215753,0.47471738,0.43504953,0.52510965,0.47994596
Abinader,Abinader6,Abinader6_resultadoskeyframe_218.jpg,0.55328345,0.49929518,0.44756842,0.5400623,0.5029156
Abinader,Abinader6,Abinader6_resultadoskeyframe_279.jpg,0.5514428,0.504264,0.44401115,0.54076564,0.50355595
Abinader,Abinader6,Abinader6_resultadoskeyframe_340.jpg,0.5382056,0.49275765,0.4378326,0.5274396,0.48708868
Abinader,Abinader6,Abinader6_resultadoskeyframe_398.jpg,0.5503456,0.50154626,0.44336355,0.5400349,0.5007543
Abinader,Abinader6,Abinader6_resultadoskeyframe_446.jpg,0.5484096,0.5141287,0.44314593,0.54432666,0.506077
Abinader,Abinader6,Abinader6_resultadoskeyframe_510.jpg,0.53491217,0.48264343,0.4331379,0.5259855,0.4808402
Abinader,Abinader6,Abinader6_resultadoskeyframe_584.jpg,0.529472,0.48594177,0.42880297,0.5199815,0.47777906
Abinader,Abinader6,Abinader6_resultadoskeyframe_642.jpg,0.5542721,0.508913,0.4495346,0.54277873,0.5074554
Abinader,Abinader6,Abinader6_resultadoskeyframe_709.jpg,0.55796933,0.5077258,0.45983142,0.5371165,0.50512075
Abinader,Abinader6,Abinader6_resultadoskeyframe_779.jpg,0.56137013,0.50861216,0.46300948,0.54098713,0.5080398
Abinader,Abinader6,Abinader6_resultadoskeyframe_839.jpg,0.5263711,0.47996724,0.42714673,0.5219035,0.4769216
Abinader,Abinader7,Abinader7_resultadoskeyframe_112.jpg,0.5596756,0.6077283,0.4483539,0.58182585,0.5563265
Abinader,Abinader7,Abinader7_resultadoskeyframe_21.jpg,0.55619144,0.6100033,0.44366854,0.5850321,0.5532725
Abinader,Abinader7,Abinader7_resultadoskeyframe_269.jpg,0.54776466,0.616337,0.43530217,0.58083564,0.54717946
Abinader,Abinader7,Abinader7_resultadoskeyframe_334.jpg,0.5530646,0.6413444,0.43341434,0.58503187,0.55303127
Abinader,Abinader7,Abinader7_resultadoskeyframe_396.jpg,0.5498998,0.60776407,0.4420185,0.58136237,0.5511403
Abinader,Abinader7,Abinader7_resultadoskeyframe_431.jpg,0.5360022,0.5926348,0.42831486,0.5615275,0.5343456
Abinader,Abinader7,Abinader7_resultadoskeyframe_512.jpg,0.5422946,0.6339171,0.4243572,0.57738423,0.54902005
Abinader,Abinader7,Abinader7_resultadoskeyframe_566.jpg,0.54924226,0.62875843,0.43229866,0.5817323,0.54905224
Abinader,Abinader7,Abinader7_resultadoskeyframe_598.jpg,0.5529575,0.6343607,0.43370003,0.5827552,0.5503224
Abinader,Abinader7,Abinader7_resultadoskeyframe_655.jpg,0.5449556,0.6478106,0.42503905,0.58287334,0.5521341
Abinader,Abinader7,Abinader7_resultadoskeyframe_689.jpg,0.5529163,0.62242556,0.43814862,0.5829016,0.55314445
Abinader,Abinader7,Abinader7_resultadoskeyframe_717.jpg,0.5684391,0.61087275,0.4564513,0.5878713,0.56144196
Arauz,Arauz1,Arauz1_resultadoskeyframe_161.jpg,0.5961659,0.5900228,0.49802387,0.5742161,0.561293
Arauz,Arauz1,Arauz1_resultadoskeyframe_19.jpg,0.5783683,0.61411977,0.48037815,0.5727773,0.5612545
Arauz,Arauz1,Arauz1_resultadoskeyframe_260.jpg,0.5765199,0.59433806,0.47650507,0.57060707,0.55454016
Arauz,Arauz1,Arauz1_resultadoskeyframe_317.jpg,0.57682705,0.58682245,0.47406077,0.5636692,0.5482681
Arauz,Arauz1,Arauz1_resultadoskeyframe_410.jpg,0.56816447,0.611928,0.46391714,0.5695825,0.552541
Arauz,Arauz1,Arauz1_resultadoskeyframe_474.jpg,0.545658,0.58669174,0.4438394,0.5580107,0.5326834
Arauz,Arauz1,Arauz1_resultadoskeyframe_555.jpg,0.5881177,0.5954387,0.49441886,0.5683633,0.5593543
Arauz,Arauz1,Arauz1_resultadoskeyframe_711.jpg,0.5830653,0.62145793,0.484362,0.57472694,0.5670196
Arauz,Arauz1,Arauz1_resultadoskeyframe_90.jpg,0.60505986,0.57072294,0.50996554,0.56922436,0.55442464
Arauz,Arauz2,Arauz2_resultadoskeyframe_123.jpg,0.600047,0.51201445,0.50463283,0.5499084,0.53151965
Arauz,Arauz2,Arauz2_resultadoskeyframe_177.jpg,0.6106905,0.5295663,0.51112664,0.55396676,0.54364365
Arauz,Arauz2,Arauz2_resultadoskeyframe_215.jpg,0.5737444,0.4863078,0.46681038,0.53639746,0.50382954
Arauz,Arauz2,Arauz2_resultadoskeyframe_277.jpg,0.59153813,0.5160463,0.48687354,0.54574585,0.5226613
Arauz,Arauz2,Arauz2_resultadoskeyframe_330.jpg,0.5872551,0.5017247,0.4844535,0.54053843,0.5173597
Arauz,Arauz2,Arauz2_resultadoskeyframe_37.jpg,0.58879924,0.51834846,0.48947287,0.54146564,0.5218654
Arauz,Arauz2,Arauz2_resultadoskeyframe_404.jpg,0.57649875,0.49528286,0.47044066,0.5376407,0.5062599
Arauz,Arauz2,Arauz2_resultadoskeyframe_453.jpg,0.6006801,0.5233837,0.49188757,0.5520054,0.5352551
Arauz,Arauz2,Arauz2_resultadoskeyframe_511.jpg,0.5716044,0.49697176,0.46721122,0.53277254,0.5048029
Arauz,Arauz2,Arauz2_resultadoskeyframe_544.jpg,0.5739583,0.48632008,0.46995223,0.53564596,0.5105624
Arauz,Arauz2,Arauz2_resultadoskeyframe_598.jpg,0.5652782,0.47716844,0.4594901,0.5266702,0.49702358
Arauz,Arauz2,Arauz2_resultadoskeyframe_639.jpg,0.5830491,0.50138384,0.4835924,0.5379143,0.51555884
Arauz,Arauz2,Arauz2_resultadoskeyframe_687.jpg,0.5643465,0.4778956,0.4576462,0.5268129,0.49477816
Arauz,Arauz2,Arauz2_resultadoskeyframe_726.jpg,0.5661406,0.47236398,0.46476224,0.5286083,0.49538368
Arauz,Arauz2,Arauz2_resultadoskeyframe_74.jpg,0.5842095,0.5065966,0.4818362,0.53515416,0.5122688
Arauz,Arauz3,Arauz3_resultadoskeyframe_148.jpg,0.57495093,0.5258917,0.47356898,0.56132054,0.5327285
Arauz,Arauz3,Arauz3_resultadoskeyframe_200.jpg,0.58738804,0.54504466,0.48733333,0.57033736,0.54627967
Arauz,Arauz3,Arauz3_resultadoskeyframe_21.jpg,0.58250254,0.53632116,0.48163134,0.56889534,0.54238796
Arauz,Arauz3,Arauz3_resultadoskeyframe_258.jpg,0.5720631,0.5353558,0.46955603,0.566061,0.53532076
Arauz,Arauz3,Arauz3_resultadoskeyframe_336.jpg,0.5803728,0.5258361,0.4780656,0.56353307,0.53606105
Arauz,Arauz3,Arauz3_resultadoskeyframe_363.jpg,0.5787282,0.56053305,0.47775963,0.5778705,0.5506232
Arauz,Arauz3,Arauz3_resultadoskeyframe_405.jpg,0.57648253,0.54393,0.47592506,0.5711331,0.5425911
Arauz,Arauz3,Arauz3_resultadoskeyframe_445.jpg,0.58811677,0.5325692,0.48832718,0.5689572,0.54388136
Arauz,Arauz3,Arauz3_resultadoskeyframe_510.jpg,0.5753628,0.536494,0.47532117,0.56694597,0.53914785
Arauz,Arauz3,Arauz3_resultadoskeyframe_563.jpg,0.5767782,0.5321758,0.47767437,0.56695455,0.5375471
Arauz,Arauz3,Arauz3_resultadoskeyframe_603.jpg,0.57881707,0.57452947,0.47769827,0.57734406,0.55313367
Arauz,Arauz3,Arauz3_resultadoskeyframe_659.jpg,0.5684068,0.53453517,0.4677369,0.56642985,0.53459275
Arauz,Arauz3,Arauz3_resultadoskeyframe_704.jpg,0.5761877,0.5317379,0.47763842,0.5629858,0.5368645
Arauz,Arauz3,Arauz3_resultadoskeyframe_71.jpg,0.58480155,0.5338204,0.48628706,0.567948,0.5410781
Arauz,Arauz3,Arauz3_resultadoskeyframe_759.jpg,0.57852304,0.5468944,0.4803213,0.5717122,0.5442318
Arauz,Arauz4,Arauz4_resultadoskeyframe_102.jpg,0.5338149,0.5381303,0.42856297,0.5457819,0.5102837
Arauz,Arauz4,Arauz4_resultadoskeyframe_162.jpg,0.54743075,0.53350186,0.44533667,0.5455216,0.5150664
Arauz,Arauz4,Arauz4_resultadoskeyframe_17.jpg,0.5156647,0.52061266,0.41004542,0.53306574,0.4941163
Arauz,Arauz4,Arauz4_resultadoskeyframe_262.jpg,0.55072,0.5394728,0.44749486,0.5506158,0.5193063
Arauz,Arauz4,Arauz4_resultadoskeyframe_303.jpg,0.56277156,0.53633785,0.46405488,0.5533306,0.52455556
Arauz,Arauz4,Arauz4_resultadoskeyframe_367.jpg,0.53730303,0.52248204,0.43598598,0.5404591,0.50736165
Arauz,Arauz4,Arauz4_resultadoskeyframe_422.jpg,0.53872204,0.55256647,0.43485638,0.55166525,0.5190438
Arauz,Arauz4,Arauz4_resultadoskeyframe_464.jpg,0.5443055,0.54917955,0.44511762,0.55048263,0.52053773
Arauz,Arauz4,Arauz4_resultadoskeyframe_553.jpg,0.53113484,0.5389743,0.42796424,0.5424829,0.5073559
Arauz,Arauz4,Arauz4_resultadoskeyframe_59.jpg,0.5494948,0.5517285,0.4465779,0.55448353,0.525083
Arauz,Arauz4,Arauz4_resultadoskeyframe_607.jpg,0.51178104,0.46858597,0.41192973,0.5134151,0.4731053
Arauz,Arauz4,Arauz4_resultadoskeyframe_634.jpg,0.54086924,0.5351547,0.43595505,0.5492611,0.5119387
Arauz,Arauz4,Arauz4_resultadoskeyframe_699.jpg,0.5381981,0.47992373,0.43474397,0.52550924,0.4917482
Arauz,Arauz5,Arauz5_resultadoskeyframe_154.jpg,0.58685935,0.56234586,0.4912637,0.56476057,0.54730004
Arauz,Arauz5,Arauz5_resultadoskeyframe_253.jpg,0.55522037,0.513758,0.4538483,0.5412332,0.50695133
Arauz,Arauz5,Arauz5_resultadoskeyframe_352.jpg,0.56932867,0.56946945,0.46954766,0.5683539,0.54241836
Arauz,Arauz5,Arauz5_resultadoskeyframe_397.jpg,0.57606775,0.56722647,0.47965342,0.56517565,0.5460962
Arauz,Arauz5,Arauz5_resultadoskeyframe_485.jpg,0.58811784,0.5667794,0.49481076,0.5694302,0.5532031
Arauz,Arauz5,Arauz5_resultadoskeyframe_52.jpg,0.5729587,0.5608267,0.47488984,0.56284213,0.5426929
Arauz,Arauz5,Arauz5_resultadoskeyframe_547.jpg,0.5704521,0.57987773,0.46975303,0.5713248,0.54573023
Arauz,Arauz5,Arauz5_resultadoskeyframe_594.jpg,0.5751477,0.5517412,0.4766711,0.55963516,0.5381216
Arauz,Arauz5,Arauz5_resultadoskeyframe_736.jpg,0.5788243,0.56696284,0.4829579,0.56685835,0.5476352
Arauz,Arauz5,Arauz5_resultadoskeyframe_96.jpg,0.58246577,0.57209224,0.4860567,0.5664766,0.5492069
Arauz,Arauz6,Arauz6_resultadoskeyframe_186.jpg,0.56861806,0.49402696,0.45910102,0.53776,0.50485957
Arauz,Arauz6,Arauz6_resultadoskeyframe_23.jpg,0.5681533,0.49219334,0.4578414,0.53399324,0.50163436
Arauz,Arauz6,Arauz6_resultadoskeyframe_239.jpg,0.5583317,0.5030196,0.45117658,0.53661454,0.5015843
Arauz,Arauz6,Arauz6_resultadoskeyframe_316.jpg,0.5561942,0.49867275,0.44681242,0.5318012,0.49954194
Arauz,Arauz6,Arauz6_resultadoskeyframe_372.jpg,0.5591082,0.4996352,0.44717097,0.5336826,0.5011318
Arauz,Arauz6,Arauz6_resultadoskeyframe_456.jpg,0.56143486,0.5048672,0.4516127,0.53806186,0.5043231
Arauz,Arauz6,Arauz6_resultadoskeyframe_499.jpg,0.578361,0.5137547,0.46454164,0.54473126,0.5181868
Arauz,Arauz6,Arauz6_resultadoskeyframe_558.jpg,0.56653404,0.49729565,0.45568,0.5364224,0.50550795
Arauz,Arauz6,Arauz6_resultadoskeyframe_593.jpg,0.53768754,0.48792964,0.43016684,0.52250713,0.48552546
Arauz,Arauz6,Arauz6_resultadoskeyframe_660.jpg,0.5735528,0.51012194,0.4622953,0.5437884,0.5143351
Arauz,Arauz6,Arauz6_resultadoskeyframe_701.jpg,0.5390865,0.48930508,0.43381107,0.5259712,0.48565233
Arauz,Arauz6,Arauz6_resultadoskeyframe_73.jpg,0.5720669,0.49934894,0.46062592,0.53834575,0.50721323
Arauz,Arauz7,Arauz7_resultadoskeyframe_104.jpg,0.52902186,0.5010127,0.4387437,0.5379578,0.48900807
Arauz,Arauz7,Arauz7_resultadoskeyframe_132.jpg,0.5215325,0.49892184,0.42776,0.5404124,0.48488304
Arauz,Arauz7,Arauz7_resultadoskeyframe_20.jpg,0.5319654,0.49846485,0.44193518,0.5360427,0.49107033
Arauz,Arauz7,Arauz7_resultadoskeyframe_245.jpg,0.49936184,0.47965997,0.41282672,0.5196116,0.46778184
Arauz,Arauz7,Arauz7_resultadoskeyframe_299.jpg,0.5369227,0.5197304,0.44360292,0.5514921,0.5054482
Arauz,Arauz7,Arauz7_resultadoskeyframe_342.jpg,0.5136901,0.48176834,0.42439273,0.54479176,0.47379386
Arauz,Arauz7,Arauz7_resultadoskeyframe_447.jpg,0.52270514,0.48984635,0.4332483,0.5350889,0.48331648
Arauz,Arauz7,Arauz7_resultadoskeyframe_480.jpg,0.5193728,0.48994225,0.42819136,0.533288,0.47796482
Arauz,Arauz7,Arauz7_resultadoskeyframe_543.jpg,0.52582157,0.5043947,0.4364916,0.5418141,0.49236003
Arauz,Arauz7,Arauz7_resultadoskeyframe_611.jpg,0.52484334,0.50755847,0.43453068,0.54028213,0.49023807
Arauz,Arauz7,Arauz7_resultadoskeyframe_661.jpg,0.5069249,0.4703651,0.41680384,0.52906984,0.4699663
Arauz,Arauz7,Arauz7_resultadoskeyframe_68.jpg,0.52535677,0.49245584,0.4374985,0.52394515,0.48266676
Arauz,Arauz7,Arauz7_resultadoskeyframe_727.jpg,0.5243526,0.49991435,0.4335736,0.53876173,0.48800522
Castro,Castro1,Castro1_keyframe_14.jpg,0.54381204,0.5226073,0.44836074,0.5322591,0.5005521
Castro,Castro1,Castro1_keyframe_143.jpg,0.5576774,0.5226753,0.46626353,0.54777884,0.5145843
Castro,Castro1,Castro1_keyframe_212.jpg,0.557333,0.5421444,0.4611451,0.54124874,0.51645523
Castro,Castro1,Castro1_keyframe_293.jpg,0.5633817,0.5602399,0.4657892,0.55359393,0.5304582
Castro,Castro1,Castro1_keyframe_354.jpg,0.55182123,0.52241355,0.45919138,0.5455582,0.5111726
Castro,Castro1,Castro1_keyframe_407.jpg,0.5344989,0.5046169,0.44127828,0.5303076,0.49166578
Castro,Castro1,Castro1_keyframe_42.jpg,0.54576206,0.528361,0.45000944,0.5314287,0.50378066
Castro,Castro1,Castro1_keyframe_509.jpg,0.55480903,0.50395405,0.4640929,0.547591,0.50594246
Castro,Castro1,Castro1_keyframe_577.jpg,0.57832575,0.564502,0.48249733,0.5545762,0.53643626
Castro,Castro1,Castro1_keyframe_598.jpg,0.5588105,0.54858565,0.4600836,0.547017,0.5228394
Castro,Castro1,Castro1_keyframe_646.jpg,0.5391635,0.5071242,0.44312876,0.53098816,0.49555874
Castro,Castro1,Castro1_keyframe_672.jpg,0.5404952,0.50230664,0.4477617,0.5361007,0.4971645
Castro,Castro1,Castro1_keyframe_737.jpg,0.58135283,0.5568559,0.48641622,0.55360746,0.53498375
Castro,Castro1,Castro1_keyframe_77.jpg,0.56469166,0.5418863,0.4743087,0.55417323,0.52368647
Castro,Castro1,Castro1_keyframe_784.jpg,0.5387364,0.50871813,0.44254714,0.540059,0.49606794
Castro,Castro1,Castro1_keyframe_846.jpg,0.58272207,0.5659474,0.4883272,0.5563383,0.5423574
Castro,Castro2,Castro2_keyframe_130.jpg,0.5646811,0.57145613,0.4750322,0.55513436,0.5336561
Castro,Castro2,Castro2_keyframe_144.jpg,0.56357765,0.5723471,0.47201166,0.55873126,0.5356607
Castro,Castro2,Castro2_keyframe_195.jpg,0.55680364,0.5757115,0.4633065,0.55363315,0.53363895
Castro,Castro2,Castro2_keyframe_268.jpg,0.554869,0.5590795,0.4633745,0.5513154,0.52753526
Castro,Castro2,Castro2_keyframe_297.jpg,0.56319475,0.56848574,0.4718665,0.55586535,0.5337542
Castro,Castro2,Castro2_keyframe_326.jpg,0.55226374,0.5468389,0.46048194,0.5452392,0.5201164
Castro,Castro2,Castro2_keyframe_362.jpg,0.57244617,0.5809865,0.48118603,0.56283534,0.54208136
Castro,Castro2,Castro2_keyframe_428.jpg,0.5748224,0.6060349,0.47731993,0.57174134,0.5510872
Castro,Castro2,Castro2_keyframe_487.jpg,0.55239034,0.53783906,0.46188378,0.53743064,0.5133637
Castro,Castro2,Castro2_keyframe_525.jpg,0.57806027,0.58972555,0.48576003,0.5675325,0.54704726
Castro,Castro2,Castro2_keyframe_559.jpg,0.5673625,0.5769576,0.47616994,0.5599909,0.53930676
Castro,Castro2,Castro2_keyframe_601.jpg,0.567851,0.5741346,0.47664288,0.5563929,0.53472567
Castro,Castro2,Castro2_keyframe_63.jpg,0.55617136,0.5737127,0.46164173,0.5544002,0.53094447
Castro,Castro2,Castro2_keyframe_637.jpg,0.5532547,0.5605619,0.45976305,0.5502837,0.52619696
Castro,Castro2,Castro2_keyframe_706.jpg,0.5552267,0.56722075,0.46283284,0.5542609,0.5291654
Castro,Castro2,Castro2_keyframe_775.jpg,0.5566915,0.56493956,0.46364307,0.5529034,0.52803946
Castro,Castro2,Castro2_keyframe_832.jpg,0.55258673,0.5383285,0.4620412,0.53809386,0.51479495
Castro,Castro3,Castro3_keyframe_112.jpg,0.5905809,0.5167057,0.49581087,0.5551344,0.53362304
Castro,Castro3,Castro3_keyframe_185.jpg,0.5454597,0.4947007,0.44301748,0.54165053,0.49989238
Castro,Castro3,Castro3_keyframe_256.jpg,0.5830705,0.52749413,0.48709762,0.5605828,0.535367
Castro,Castro3,Castro3_keyframe_326.jpg,0.56514955,0.50744027,0.46567196,0.5497542,0.5127513
Castro,Castro3,Castro3_keyframe_378.jpg,0.57383454,0.5313955,0.47460943,0.5659053,0.52973485
Castro,Castro3,Castro3_keyframe_401.jpg,0.58503157,0.50862014,0.48480254,0.5472703,0.52420974
Castro,Castro3,Castro3_keyframe_428.jpg,0.53419924,0.4724282,0.43426192,0.52671266,0.48110655
Castro,Castro3,Castro3_keyframe_519.jpg,0.5631998,0.49323386,0.46640944,0.5430825,0.5102163
Castro,Castro3,Castro3_keyframe_595.jpg,0.6021488,0.53981614,0.51042384,0.5690459,0.54843175
Castro,Castro3,Castro3_keyframe_615.jpg,0.5349293,0.50217456,0.43258741,0.53564566,0.4944548
Castro,Castro3,Castro3_keyframe_66.jpg,0.5756904,0.5228038,0.47901458,0.55794,0.5271455
Castro,Castro3,Castro3_keyframe_694.jpg,0.53243077,0.48247784,0.4332405,0.5299157,0.48866785
Castro,Castro3,Castro3_keyframe_787.jpg,0.54003406,0.48501503,0.4419984,0.5329397,0.4920449
Castro,Castro3,Castro3_keyframe_843.jpg,0.5744984,0.50815314,0.47829288,0.5516441,0.5227492
Castro,Castro4,Castro4_keyframe_107.jpg,0.50883996,0.43853965,0.41495708,0.5065774,0.45224378
Castro,Castro4,Castro4_keyframe_139.jpg,0.5418535,0.47597444,0.45031792,0.5264597,0.48319793
Castro,Castro4,Castro4_keyframe_178.jpg,0.51255095,0.44946194,0.41594768,0.5131389,0.4641832
Castro,Castro4,Castro4_keyframe_227.jpg,0.57001805,0.513464,0.46045518,0.5598207,0.5195294
Castro,Castro4,Castro4_keyframe_267.jpg,0.5473541,0.51502454,0.44411522,0.5503657,0.5047381
Castro,Castro4,Castro4_keyframe_315.jpg,0.5222827,0.4773271,0.42395204,0.52371645,0.47226185
Castro,Castro4,Castro4_keyframe_360.jpg,0.5231898,0.4850808,0.42334598,0.528262,0.47604284
Castro,Castro4,Castro4_keyframe_412.jpg,0.5078968,0.43457586,0.41354668,0.5076487,0.4565103
Castro,Castro4,Castro4_keyframe_470.jpg,0.5489385,0.50386643,0.44204697,0.548658,0.5052362
Castro,Castro4,Castro4_keyframe_523.jpg,0.51228005,0.4404514,0.41671908,0.5147311,0.4607154
Castro,Castro4,Castro4_keyframe_580.jpg,0.54646945,0.5165329,0.44566083,0.5405678,0.5015932
Castro,Castro4,Castro4_keyframe_59.jpg,0.56200683,0.5110347,0.45552838,0.55760425,0.5137139
Castro,Castro4,Castro4_keyframe_621.jpg,0.5515761,0.52568066,0.44450596,0.5591924,0.5172131
Castro,Castro4,Castro4_keyframe_658.jpg,0.5549376,0.5185492,0.44461924,0.55644894,0.51484835
Castro,Castro4,Castro4_keyframe_769.jpg,0.5144336,0.44947067,0.41837555,0.5152613,0.4634143
Castro,Castro4,Castro4_keyframe_830.jpg,0.53874576,0.46047243,0.44390774,0.52812815,0.4834126
Castro,Castro4,Castro4_keyframe_862.jpg,0.54688585,0.4603416,0.4509282,0.53021777,0.4902754
Castro,Castro5,Castro5_keyframe_117.jpg,0.52361447,0.43439126,0.4196387,0.50217134,0.45427185
Castro,Castro5,Castro5_keyframe_220.jpg,0.54770184,0.47186634,0.44439137,0.515619,0.4821177
Castro,Castro5,Castro5_keyframe_289.jpg,0.55837286,0.5138557,0.46614808,0.53790146,0.5119477
Castro,Castro5,Castro5_keyframe_343.jpg,0.58155453,0.53850174,0.49572405,0.549203,0.53563017
Castro,Castro5,Castro5_keyframe_35.jpg,0.54399955,0.46862173,0.44813997,0.5323547,0.489385
Castro,Castro5,Castro5_keyframe_410.jpg,0.54475236,0.4901048,0.44698662,0.5230899,0.49279666
Castro,Castro5,Castro5_keyframe_460.jpg,0.597466,0.585339,0.5121529,0.5663407,0.5589012
Castro,Castro5,Castro5_keyframe_512.jpg,0.5962175,0.5618513,0.50552547,0.5604605,0.546186
Castro,Castro5,Castro5_keyframe_572.jpg,0.5528144,0.48803082,0.45456412,0.52073956,0.49189252
Castro,Castro5,Castro5_keyframe_596.jpg,0.5289213,0.49573648,0.43301564,0.5123373,0.48621482
Castro,Castro5,Castro5_keyframe_637.jpg,0.54177034,0.47095004,0.44564384,0.51832986,0.48720998
Castro,Castro5,Castro5_keyframe_688.jpg,0.55701923,0.50399154,0.46463618,0.53365207,0.5050644
Castro,Castro5,Castro5_keyframe_719.jpg,0.5438379,0.45687073,0.44626194,0.5124158,0.47349805
Castro,Castro5,Castro5_keyframe_733.jpg,0.48893043,0.41251743,0.38694757,0.47957364,0.42364657
Castro,Castro5,Castro5_keyframe_80.jpg,0.56245244,0.48792505,0.4540537,0.5378644,0.49882793
Castro,Castro6,Castro6_keyframe_119.jpg,0.4894956,0.42188126,0.39563304,0.49560368,0.43668073
Castro,Castro6,Castro6_keyframe_178.jpg,0.4873793,0.4186959,0.3910536,0.49248996,0.43284082
Castro,Castro6,Castro6_keyframe_215.jpg,0.4814303,0.4096287,0.38449997,0.48667294,0.42564175
Castro,Castro6,Castro6_keyframe_23.jpg,0.5060769,0.53815126,0.4008094,0.5200535,0.4960652
Castro,Castro6,Castro6_keyframe_297.jpg,0.5256428,0.5544139,0.427038,0.54085624,0.5161131
Castro,Castro6,Castro6_keyframe_76.jpg,0.50643307,0.5070113,0.41140437,0.519191,0.4836615
Castro,Castro7,Castro7_keyframe_145.jpg,0.5959834,0.55559516,0.49475008,0.5698116,0.5478935
Castro,Castro7,Castro7_keyframe_198.jpg,0.6035236,0.55873024,0.5047272,0.567381,0.55117095
Castro,Castro7,Castro7_keyframe_234.jpg,0.6161071,0.5786165,0.525661,0.57572144,0.5677854
Castro,Castro7,Castro7_keyframe_24.jpg,0.6495465,0.5867218,0.56976926,0.58637536,0.58944774
Castro,Castro7,Castro7_keyframe_268.jpg,0.60242605,0.5712848,0.50339454,0.5689708,0.55917
Castro,Castro7,Castro7_keyframe_313.jpg,0.58347523,0.5253047,0.48137397,0.5473497,0.52597344
Castro,Castro7,Castro7_keyframe_341.jpg,0.6084751,0.5405283,0.50937897,0.5619085,0.5477451
Castro,Castro7,Castro7_keyframe_373.jpg,0.60547787,0.541641,0.50978327,0.5594821,0.5445776
Castro,Castro7,Castro7_keyframe_442.jpg,0.60881,0.55788815,0.50920796,0.56595284,0.55058885
Castro,Castro7,Castro7_keyframe_539.jpg,0.59903824,0.54701424,0.49874276,0.5623975,0.5428331
Castro,Castro7,Castro7_keyframe_575.jpg,0.61147606,0.5488045,0.5151721,0.5631714,0.5479468
Castro,Castro7,Castro7_keyframe_616.jpg,0.5857066,0.520838,0.47949478,0.5464817,0.51855636
Castro,Castro7,Castro7_keyframe_659.jpg,0.6079533,0.5588382,0.5044389,0.5710187,0.5536314
Castro,Castro7,Castro7_keyframe_687.jpg,0.60375535,0.5618558,0.5071637,0.566784,0.55039716
Castro,Castro7,Castro7_keyframe_731.jpg,0.6136601,0.56693566,0.513625,0.57122844,0.56127393
Castro,Castro7,Castro7_keyframe_771.jpg,0.6111792,0.5581366,0.5125669,0.56931365,0.55455077
Castro,Castro7,Castro7_keyframe_849.jpg,0.5866616,0.5163305,0.48405063,0.5534655,0.52508926
Castro,Castro7,Castro7_keyframe_92.jpg,0.61833656,0.5723455,0.5241073,0.5697397,0.5617429
Chinchilla,Chinchilla1,Chinchilla1_keyframe_134.jpg,0.6147154,0.55562055,0.5173298,0.5651616,0.5509223
Chinchilla,Chinchilla1,Chinchilla1_keyframe_179.jpg,0.6200608,0.5671021,0.5228579,0.5754738,0.5599459
Chinchilla,Chinchilla1,Chinchilla1_keyframe_221.jpg,0.6067524,0.55710876,0.5113933,0.5689979,0.5485513
Chinchilla,Chinchilla1,Chinchilla1_keyframe_276.jpg,0.59368193,0.54720926,0.4986997,0.56327116,0.5367063
Chinchilla,Chinchilla1,Chinchilla1_keyframe_338.jpg,0.58917415,0.52559805,0.48754779,0.553637,0.52695304
Chinchilla,Chinchilla1,Chinchilla1_keyframe_390.jpg,0.6236862,0.57075834,0.52986807,0.5745301,0.56082994
Chinchilla,Chinchilla1,Chinchilla1_keyframe_448.jpg,0.6084337,0.55989337,0.51299053,0.57161605,0.55088615
Chinchilla,Chinchilla1,Chinchilla1_keyframe_50.jpg,0.60604316,0.55341446,0.51252604,0.5629956,0.54625773
Chinchilla,Chinchilla1,Chinchilla1_keyframe_533.jpg,0.5981381,0.5418551,0.5017217,0.5665436,0.5411736
Chinchilla,Chinchilla1,Chinchilla1_keyframe_601.jpg,0.55780846,0.50513697,0.4625935,0.5352659,0.4995625
Chinchilla,Chinchilla1,Chinchilla1_keyframe_664.jpg,0.59005576,0.530491,0.49315125,0.5543233,0.52733004
Chinchilla,Chinchilla1,Chinchilla1_keyframe_699.jpg,0.61113477,0.558153,0.51103467,0.5691484,0.55038095
Chinchilla,Chinchilla1,Chinchilla1_keyframe_759.jpg,0.5932189,0.54063475,0.4942301,0.5591593,0.53334785
Chinchilla,Chinchilla1,Chinchilla1_keyframe_839.jpg,0.5993385,0.5444068,0.50205946,0.56173277,0.536792
Chinchilla,Chinchilla1,Chinchilla1_keyframe_95.jpg,0.60954165,0.5607414,0.51231354,0.5706936,0.5504812
Chinchilla,Chinchilla2,Chinchilla2_keyframe_135.jpg,0.5667021,0.5457417,0.47826076,0.5492555,0.52736115
Chinchilla,Chinchilla2,Chinchilla2_keyframe_238.jpg,0.55607724,0.54137313,0.46642056,0.54810804,0.52047837
Chinchilla,Chinchilla2,Chinchilla2_keyframe_308.jpg,0.58469665,0.5722134,0.49742493,0.56277156,0.544587
Chinchilla,Chinchilla2,Chinchilla2_keyframe_371.jpg,0.55413604,0.5288535,0.46199936,0.54148626,0.5106721
Chinchilla,Chinchilla2,Chinchilla2_keyframe_472.jpg,0.56338453,0.52797055,0.47263154,0.54212946,0.51331407
Chinchilla,Chinchilla2,Chinchilla2_keyframe_552.jpg,0.57051873,0.5549675,0.47937465,0.5615077,0.53356814
Chinchilla,Chinchilla2,Chinchilla2_keyframe_598.jpg,0.57532066,0.550955,0.48531088,0.55742586,0.53447497
Chinchilla,Chinchilla2,Chinchilla2_keyframe_623.jpg,0.57136923,0.5433724,0.48243433,0.54802716,0.52696717
Chinchilla,Chinchilla2,Chinchilla2_keyframe_695.jpg,0.5522958,0.5282376,0.46004838,0.5373312,0.5095742
Chinchilla,Chinchilla2,Chinchilla2_keyframe_762.jpg,0.5997581,0.56576467,0.5152774,0.56543136,0.5521876
Chinchilla,Chinchilla2,Chinchilla2_keyframe_855.jpg,0.5672748,0.5317042,0.47797117,0.5457023,0.5200834
Chinchilla,Chinchilla3,Chinchilla3_keyframe_101.jpg,0.5659617,0.5268636,0.47235757,0.54203993,0.51129586
Chinchilla,Chinchilla3,Chinchilla3_keyframe_166.jpg,0.5524829,0.5131448,0.45994765,0.53458476,0.49957088
Chinchilla,Chinchilla3,Chinchilla3_keyframe_237.jpg,0.5684799,0.53158665,0.47876206,0.54054785,0.5144138
Chinchilla,Chinchilla3,Chinchilla3_keyframe_278.jpg,0.5772656,0.53755975,0.48843542,0.5439989,0.5222552
Chinchilla,Chinchilla3,Chinchilla3_keyframe_327.jpg,0.5667127,0.5251497,0.47884005,0.5401137,0.5117901
Chinchilla,Chinchilla3,Chinchilla3_keyframe_363.jpg,0.58119476,0.5347707,0.48988327,0.5513232,0.5250696
Chinchilla,Chinchilla3,Chinchilla3_keyframe_411.jpg,0.57083035,0.5192586,0.4798596,0.5366658,0.5097113
Chinchilla,Chinchilla3,Chinchilla3_keyframe_496.jpg,0.5786015,0.5237626,0.48854932,0.5434146,0.5175121
Chinchilla,Chinchilla3,Chinchilla3_keyframe_538.jpg,0.5659946,0.52314377,0.47625357,0.5415329,0.5116107
Chinchilla,Chinchilla3,Chinchilla3_keyframe_56.jpg,0.5688584,0.52463186,0.4797514,0.53854257,0.50968814
Chinchilla,Chinchilla3,Chinchilla3_keyframe_614.jpg,0.5754299,0.52651966,0.4809689,0.54665196,0.51845694
Chinchilla,Chinchilla3,Chinchilla3_keyframe_691.jpg,0.5896543,0.5590921,0.49796468,0.55589104,0.53498137
Chinchilla,Chinchilla3,Chinchilla3_keyframe_734.jpg,0.57683766,0.5359435,0.48579848,0.5492768,0.52144605
Chinchilla,Chinchilla3,Chinchilla3_keyframe_787.jpg,0.5826396,0.54066277,0.49225184,0.54786986,0.52397615
Chinchilla,Chinchilla3,Chinchilla3_keyframe_838.jpg,0.5737088,0.5297831,0.48463744,0.5441572,0.516359
Chinchilla,Chinchilla3,Chinchilla3_keyframe_866.jpg,0.55970883,0.5230433,0.46911734,0.53788567,0.50573874
Chinchilla,Chinchilla3,Chinchilla3_keyframe_9.jpg,0.5787494,0.53433686,0.48918012,0.5488448,0.521969
Chinchilla,Chinchilla4,Chinchilla4_keyframe_136.jpg,0.62862706,0.5981399,0.5416217,0.57966965,0.57528883
Chinchilla,Chinchilla4,Chinchilla4_keyframe_189.jpg,0.5895911,0.52875847,0.49018317,0.55592495,0.53529567
Chinchilla,Chinchilla4,Chinchilla4_keyframe_232.jpg,0.6036384,0.56276214,0.511869,0.5646045,0.55247647
Chinchilla,Chinchilla4,Chinchilla4_keyframe_313.jpg,0.6176144,0.5772758,0.5238515,0.5671172,0.55653137
Chinchilla,Chinchilla4,Chinchilla4_keyframe_364.jpg,0.644377,0.5876969,0.5540027,0.5873444,0.5826802
Chinchilla,Chinchilla4,Chinchilla4_keyframe_400.jpg,0.62365925,0.56615055,0.5313666,0.5715765,0.56069577
Chinchilla,Chinchilla4,Chinchilla4_keyframe_476.jpg,0.63319,0.5684744,0.5409293,0.57482934,0.56775147
Chinchilla,Chinchilla4,Chinchilla4_keyframe_49.jpg,0.6173283,0.5623652,0.5239028,0.566261,0.55626285
Chinchilla,Chinchilla4,Chinchilla4_keyframe_549.jpg,0.6385838,0.5849907,0.5490209,0.58133775,0.5762957
Chinchilla,Chinchilla4,Chinchilla4_keyframe_631.jpg,0.611447,0.5728157,0.519059,0.569282,0.556682
Chinchilla,Chinchilla4,Chinchilla4_keyframe_668.jpg,0.63971007,0.5950223,0.5513611,0.5819528,0.57719874
Chinchilla,Chinchilla4,Chinchilla4_keyframe_698.jpg,0.6022668,0.5647116,0.5091821,0.56146395,0.5463575
Chinchilla,Chinchilla4,Chinchilla4_keyframe_817.jpg,0.6187756,0.5652203,0.5244073,0.5674223,0.5573933
Chinchilla,Chinchilla4,Chinchilla4_keyframe_854.jpg,0.6132369,0.56387687,0.5192895,0.56842893,0.55694526
Chinchilla,Chinchilla4,Chinchilla4_keyframe_86.jpg,0.626052,0.5881913,0.5351478,0.5744145,0.56852233
Chinchilla,Chinchilla5,Chinchilla5_keyframe_183.jpg,0.6045431,0.550965,0.5094991,0.56349516,0.5495461
Chinchilla,Chinchilla5,Chinchilla5_keyframe_250.jpg,0.5979619,0.5300636,0.504221,0.54966754,0.5339347
Chinchilla,Chinchilla5,Chinchilla5_keyframe_326.jpg,0.58592534,0.5448431,0.49701196,0.54818416,0.5308752
Chinchilla,Chinchilla5,Chinchilla5_keyframe_392.jpg,0.62534004,0.56371826,0.53390986,0.5658025,0.56295276
Chinchilla,Chinchilla5,Chinchilla5_keyframe_437.jpg,0.59556043,0.5264394,0.5020807,0.54665995,0.5302737
Chinchilla,Chinchilla5,Chinchilla5_keyframe_502.jpg,0.6081481,0.5512545,0.51950204,0.5546644,0.5472148
Chinchilla,Chinchilla5,Chinchilla5_keyframe_538.jpg,0.6259142,0.5691989,0.5389029,0.5715677,0.5692316
Chinchilla,Chinchilla5,Chinchilla5_keyframe_588.jpg,0.6091891,0.54994273,0.51646376,0.56085503,0.5528778
Chinchilla,Chinchilla5,Chinchilla5_keyframe_645.jpg,0.6259961,0.5598611,0.5328211,0.56613874,0.5643579
Chinchilla,Chinchilla5,Chinchilla5_keyframe_673.jpg,0.5911734,0.53295934,0.4973199,0.55619097,0.53628737
Chinchilla,Chinchilla5,Chinchilla5_keyframe_763.jpg,0.609442,0.5640116,0.52454144,0.5604786,0.55294573
Chinchilla,Chinchilla5,Chinchilla5_keyframe_822.jpg,0.5755778,0.52448297,0.4798265,0.5385345,0.5149579
Chinchilla,Chinchilla5,Chinchilla5_keyframe_89.jpg,0.54789525,0.4981444,0.44697756,0.53004515,0.49428982
Chinchilla,Chinchilla6,Chinchilla6_keyframe_107.jpg,0.5385937,0.5072168,0.43505204,0.52863526,0.48546124
Chinchilla,Chinchilla6,Chinchilla6_keyframe_148.jpg,0.54785234,0.5165551,0.44447234,0.5330273,0.49343258
Chinchilla,Chinchilla6,Chinchilla6_keyframe_205.jpg,0.5505954,0.5327866,0.4443249,0.542504,0.5016685
Chinchilla,Chinchilla6,Chinchilla6_keyframe_245.jpg,0.5495961,0.52027416,0.4485556,0.5387713,0.49726665
Chinchilla,Chinchilla6,Chinchilla6_keyframe_28.jpg,0.5321685,0.49418414,0.43376762,0.52551186,0.48152325
Chinchilla,Chinchilla6,Chinchilla6_keyframe_296.jpg,0.5295229,0.5010651,0.42874804,0.52445954,0.47989303
Chinchilla,Chinchilla6,Chinchilla6_keyframe_334.jpg,0.5597894,0.5301889,0.4524575,0.5429933,0.5050937
Chinchilla,Chinchilla6,Chinchilla6_keyframe_369.jpg,0.5475141,0.5252938,0.448842,0.54109955,0.49782312
Chinchilla,Chinchilla6,Chinchilla6_keyframe_415.jpg,0.53915024,0.5134604,0.43890312,0.53115135,0.48985815
Chinchilla,Chinchilla6,Chinchilla6_keyframe_482.jpg,0.5570539,0.5219284,0.4493338,0.541291,0.50210077
Chinchilla,Chinchilla6,Chinchilla6_keyframe_540.jpg,0.53580105,0.49436077,0.43389678,0.52533734,0.48132932
Chinchilla,Chinchilla6,Chinchilla6_keyframe_57.jpg,0.53329813,0.5010375,0.43426877,0.52719045,0.48182207
Chinchilla,Chinchilla6,Chinchilla6_keyframe_589.jpg,0.5387172,0.5009606,0.4348986,0.5293824,0.48505753
Chinchilla,Chinchilla6,Chinchilla6_keyframe_683.jpg,0.5280996,0.49261594,0.42723235,0.525296,0.47979027
Chinchilla,Chinchilla7,Chinchilla7_keyframe_167.jpg,0.551797,0.54475427,0.45516723,0.5509131,0.52479714
Chinchilla,Chinchilla7,Chinchilla7_keyframe_204.jpg,0.5411141,0.50152993,0.44318354,0.5304755,0.4962489
Chinchilla,Chinchilla7,Chinchilla7_keyframe_254.jpg,0.5186321,0.45278513,0.4216405,0.5041143,0.45753837
Chinchilla,Chinchilla7,Chinchilla7_keyframe_297.jpg,0.5317763,0.49281213,0.43739218,0.5223788,0.48436892
Chinchilla,Chinchilla7,Chinchilla7_keyframe_360.jpg,0.5405138,0.49694857,0.4465344,0.5393884,0.50367343
Chinchilla,Chinchilla7,Chinchilla7_keyframe_401.jpg,0.6080399,0.58898425,0.50572,0.5733349,0.56616867
Chinchilla,Chinchilla7,Chinchilla7_keyframe_503.jpg,0.54411757,0.47531778,0.4470783,0.5263394,0.4840886
Chinchilla,Chinchilla7,Chinchilla7_keyframe_560.jpg,0.6084867,0.5776297,0.51687336,0.567907,0.5623458
Chinchilla,Chinchilla7,Chinchilla7_keyframe_68.jpg,0.55268085,0.47314996,0.45254838,0.5308566,0.49133486
Chinchilla,Chinchilla7,Chinchilla7_keyframe_685.jpg,0.5376533,0.4692592,0.44452974,0.53270745,0.48330396
Chinchilla,Chinchilla7,Chinchilla7_keyframe_779.jpg,0.57125723,0.5643152,0.47827962,0.55433965,0.53841615
Chinchilla,Chinchilla7,Chinchilla7_keyframe_786.jpg,0.58112144,0.57900107,0.48379946,0.5654113,0.55008286
Fujimori,Fujimori1,Fujimori1_resultadoskeyframe_107.jpg,0.5404786,0.47546268,0.4425314,0.5217252,0.48716575
Fujimori,Fujimori1,Fujimori1_resultadoskeyframe_139.jpg,0.54311293,0.4834711,0.44782507,0.5249871,0.49374613
Fujimori,Fujimori1,Fujimori1_resultadoskeyframe_195.jpg,0.540972,0.48672044,0.44540378,0.52585065,0.4954353
Fujimori,Fujimori1,Fujimori1_resultadoskeyframe_236.jpg,0.53265536,0.46059516,0.43268734,0.5098495,0.47727984
Fujimori,Fujimori1,Fujimori1_resultadoskeyframe_279.jpg,0.53381586,0.47071916,0.43847555,0.52820134,0.48042062
Fujimori,Fujimori1,Fujimori1_resultadoskeyframe_395.jpg,0.5360005,0.4693935,0.43895537,0.52080816,0.47954667
Fujimori,Fujimori1,Fujimori1_resultadoskeyframe_490.jpg,0.536686,0.45842725,0.43469077,0.5043559,0.47175437
Fujimori,Fujimori1,Fujimori1_resultadoskeyframe_50.jpg,0.5394676,0.474638,0.4425633,0.5224637,0.48549002
Fujimori,Fujimori1,Fujimori1_resultadoskeyframe_529.jpg,0.53520316,0.46550015,0.43581206,0.51128757,0.47637814
Fujimori,Fujimori1,Fujimori1_resultadoskeyframe_624.jpg,0.53221655,0.45831388,0.4311259,0.5088718,0.47227025
Fujimori,Fujimori1,Fujimori1_resultadoskeyframe_683.jpg,0.5314431,0.46027565,0.431408,0.51063406,0.4752059
Fujimori,Fujimori1,Fujimori1_resultadoskeyframe_761.jpg,0.5353769,0.46058196,0.4368518,0.51502323,0.47694975
Fujimori,Fujimori1,Fujimori1_resultadoskeyframe_814.jpg,0.5377066,0.46308208,0.4357423,0.51088107,0.47774065
Fujimori,Fujimori1,Fujimori1_resultadoskeyframe_858.jpg,0.5380187,0.46257833,0.43618852,0.50943255,0.47910738
Fujimori,Fujimori2,Fujimori2_resultadoskeyframe_130.jpg,0.5978161,0.5401614,0.50044847,0.5537263,0.53004146
Fujimori,Fujimori2,Fujimori2_resultadoskeyframe_172.jpg,0.5790532,0.52689415,0.48821488,0.54021704,0.5127332
Fujimori,Fujimori2,Fujimori2_resultadoskeyframe_202.jpg,0.57231927,0.5268042,0.47728068,0.54129505,0.5122378
Fujimori,Fujimori2,Fujimori2_resultadoskeyframe_236.jpg,0.60430574,0.5411259,0.50895876,0.55641097,0.5354037
Fujimori,Fujimori2,Fujimori2_resultadoskeyframe_326.jpg,0.6395123,0.5825118,0.5478812,0.5826527,0.5744813
Fujimori,Fujimori2,Fujimori2_resultadoskeyframe_368.jpg,0.6278622,0.5662881,0.53686064,0.57845247,0.56274295
Fujimori,Fujimori2,Fujimori2_resultadoskeyframe_403.jpg,0.62414587,0.5659631,0.5290237,0.5766312,0.5592779
Fujimori,Fujimori2,Fujimori2_resultadoskeyframe_447.jpg,0.643666,0.5813067,0.55374944,0.5808345,0.57552195
Fujimori,Fujimori2,Fujimori2_resultadoskeyframe_492.jpg,0.6135576,0.54352325,0.5215811,0.56289303,0.54354775
Fujimori,Fujimori2,Fujimori2_resultadoskeyframe_575.jpg,0.625756,0.568617,0.5355716,0.5761565,0.5634126
Fujimori,Fujimori2,Fujimori2_resultadoskeyframe_605.jpg,0.624015,0.56198716,0.53250384,0.57179284,0.55624396
Fujimori,Fujimori2,Fujimori2_resultadoskeyframe_62.jpg,0.5841669,0.5275315,0.4925683,0.5440182,0.5186963
Fujimori,Fujimori2,Fujimori2_resultadoskeyframe_639.jpg,0.61432254,0.56850517,0.5197493,0.5757742,0.5557927
Fujimori,Fujimori2,Fujimori2_resultadoskeyframe_675.jpg,0.6232196,0.5640023,0.5332428,0.56931794,0.5577621
Fujimori,Fujimori2,Fujimori2_resultadoskeyframe_711.jpg,0.6342815,0.5800586,0.54391146,0.5818483,0.571839
Fujimori,Fujimori2,Fujimori2_resultadoskeyframe_744.jpg,0.62007165,0.5727163,0.52598846,0.57705235,0.5595639
Fujimori,Fujimori2,Fujimori2_resultadoskeyframe_784.jpg,0.6220561,0.57822526,0.53479445,0.579483,0.5694645
Fujimori,Fujimori2,Fujimori2_resultadoskeyframe_826.jpg,0.63133323,0.57006526,0.5399692,0.5763351,0.5639046
Fujimori,Fujimori2,Fujimori2_resultadoskeyframe_86.jpg,0.6133472,0.5510628,0.52044964,0.5614033,0.54392606
Fujimori,Fujimori2,Fujimori2_resultadoskeyframe_861.jpg,0.6100319,0.5496461,0.51868284,0.5610214,0.5430914
Fujimori,Fujimori3,Fujimori3_resultadoskeyframe_100.jpg,0.6212187,0.5844581,0.520265,0.56580335,0.5584519
Fujimori,Fujimori3,Fujimori3_resultadoskeyframe_175.jpg,0.60810953,0.5567794,0.5255122,0.55806315,0.5492099
Fujimori,Fujimori3,Fujimori3_resultadoskeyframe_221.jpg,0.55540407,0.4967362,0.46978945,0.5395609,0.49630207
Fujimori,Fujimori3,Fujimori3_resultadoskeyframe_268.jpg,0.544608,0.47939426,0.45199987,0.53779364,0.49096486
Fujimori,Fujimori3,Fujimori3_resultadoskeyframe_302.jpg,0.58215296,0.526169,0.49770433,0.542932,0.52110314
Fujimori,Fujimori3,Fujimori3_resultadoskeyframe_359.jpg,0.60279083,0.5480765,0.5155112,0.5504931,0.5376558
Fujimori,Fujimori3,Fujimori3_resultadoskeyframe_374.jpg,0.5950364,0.5418625,0.51077384,0.5518478,0.53530264
Fujimori,Fujimori3,Fujimori3_resultadoskeyframe_385.jpg,0.5852311,0.5291158,0.5033982,0.55110925,0.52968836
Fujimori,Fujimori3,Fujimori3_resultadoskeyframe_436.jpg,0.5830357,0.5225759,0.49982226,0.54749453,0.5237955
Fujimori,Fujimori3,Fujimori3_resultadoskeyframe_467.jpg,0.611225,0.58930993,0.5214197,0.5759976,0.5589148
Fujimori,Fujimori3,Fujimori3_resultadoskeyframe_514.jpg,0.6254566,0.56379986,0.52377003,0.563038,0.55148435
Fujimori,Fujimori3,Fujimori3_resultadoskeyframe_549.jpg,0.6181606,0.59111506,0.5325284,0.57048327,0.5638379
Fujimori,Fujimori3,Fujimori3_resultadoskeyframe_598.jpg,0.6083507,0.5850483,0.5233442,0.566048,0.55474997
Fujimori,Fujimori3,Fujimori3_resultadoskeyframe_646.jpg,0.6013385,0.5818237,0.5171232,0.56717694,0.5494876
Fujimori,Fujimori3,Fujimori3_resultadoskeyframe_703.jpg,0.592296,0.5610893,0.50474745,0.5589561,0.53623617
Fujimori,Fujimori3,Fujimori3_resultadoskeyframe_755.jpg,0.60001695,0.5786947,0.5008071,0.556525,0.5441226
Fujimori,Fujimori3,Fujimori3_resultadoskeyframe_839.jpg,0.62465906,0.5843512,0.53570336,0.5752381,0.5676658
Fujimori,Fujimori3,Fujimori3_resultadoskeyframe_893.jpg,0.6178063,0.57505614,0.53495497,0.5704861,0.5599077
Fujimori,Fujimori4,Fujimori4_resultadoskeyframe_116.jpg,0.5800296,0.5230603,0.4824552,0.53632987,0.51212096
Fujimori,Fujimori4,Fujimori4_resultadoskeyframe_240.jpg,0.62032026,0.54902726,0.5244954,0.5531037,0.5422617
Fujimori,Fujimori4,Fujimori4_resultadoskeyframe_328.jpg,0.5939449,0.5401119,0.4960535,0.5358835,0.5234585
Fujimori,Fujimori4,Fujimori4_resultadoskeyframe_410.jpg,0.60861695,0.5427488,0.51257515,0.5426514,0.531266
Fujimori,Fujimori4,Fujimori4_resultadoskeyframe_447.jpg,0.5832242,0.52362543,0.49041873,0.5299257,0.51122385
Fujimori,Fujimori4,Fujimori4_resultadoskeyframe_503.jpg,0.60393846,0.5335226,0.50512207,0.53512555,0.5230595
Fujimori,Fujimori4,Fujimori4_resultadoskeyframe_552.jpg,0.58774316,0.5198066,0.4898536,0.5227907,0.5073393
Fujimori,Fujimori4,Fujimori4_resultadoskeyframe_56.jpg,0.61236936,0.5550729,0.51993626,0.54526865,0.53786254
Fujimori,Fujimori4,Fujimori4_resultadoskeyframe_586.jpg,0.5699326,0.51033926,0.47576907,0.5227846,0.4979571
Fujimori,Fujimori4,Fujimori4_resultadoskeyframe_680.jpg,0.5583904,0.4990793,0.45996112,0.5073324,0.48280743
Fujimori,Fujimori4,Fujimori4_resultadoskeyframe_706.jpg,0.5392561,0.48672396,0.44579583,0.49189216,0.47178462
Fujimori,Fujimori4,Fujimori4_resultadoskeyframe_780.jpg,0.59753275,0.52806824,0.49963096,0.528738,0.5162046
Fujimori,Fujimori4,Fujimori4_resultadoskeyframe_857.jpg,0.58005893,0.51157844,0.48227477,0.5309663,0.50798106
Fujimori,Fujimori4,Fujimori4_resultadoskeyframe_886.jpg,0.5356587,0.47963947,0.43808365,0.500994,0.4698123
Fujimori,Fujimori5,Fujimori5_resultadoskeyframe_113.jpg,0.5496195,0.50057024,0.45882887,0.53385675,0.49047744
Fujimori,Fujimori5,Fujimori5_resultadoskeyframe_14.jpg,0.561326,0.5064008,0.47113135,0.54515564,0.5063334
Fujimori,Fujimori5,Fujimori5_resultadoskeyframe_191.jpg,0.55423677,0.5001649,0.46234834,0.5355023,0.49535042
Fujimori,Fujimori5,Fujimori5_resultadoskeyframe_255.jpg,0.5573193,0.5102768,0.4656218,0.53656745,0.49964273
Fujimori,Fujimori5,Fujimori5_resultadoskeyframe_350.jpg,0.53772867,0.49714348,0.44793898,0.52699006,0.48352015
Fujimori,Fujimori5,Fujimori5_resultadoskeyframe_36.jpg,0.56629014,0.5161977,0.47566253,0.54558575,0.5108162
Fujimori,Fujimori5,Fujimori5_resultadoskeyframe_374.jpg,0.5384369,0.4953677,0.44842505,0.5275413,0.48222744
Fujimori,Fujimori5,Fujimori5_resultadoskeyframe_423.jpg,0.55350477,0.5035931,0.464279,0.5364332,0.49567968
Fujimori,Fujimori5,Fujimori5_resultadoskeyframe_455.jpg,0.5605721,0.50969815,0.46867126,0.5401007,0.50432086
Fujimori,Fujimori5,Fujimori5_resultadoskeyframe_535.jpg,0.5341115,0.49205714,0.4446714,0.5237484,0.4815356
Fujimori,Fujimori5,Fujimori5_resultadoskeyframe_609.jpg,0.53800124,0.5015354,0.4440379,0.5295075,0.48562425
Fujimori,Fujimori5,Fujimori5_resultadoskeyframe_636.jpg,0.5462316,0.5081172,0.4542711,0.53060746,0.49524513
Fujimori,Fujimori5,Fujimori5_resultadoskeyframe_689.jpg,0.5805651,0.56057256,0.4818393,0.55498385,0.5366842
Fujimori,Fujimori5,Fujimori5_resultadoskeyframe_762.jpg,0.5789542,0.5538218,0.48257565,0.5558218,0.5354827
Fujimori,Fujimori5,Fujimori5_resultadoskeyframe_856.jpg,0.5563127,0.50066566,0.46517012,0.53721035,0.4975662
Fujimori,Fujimori6,Fujimori6_resultadoskeyframe_135.jpg,0.5878192,0.52538854,0.4859121,0.5506568,0.52566206
Fujimori,Fujimori6,Fujimori6_resultadoskeyframe_168.jpg,0.5894156,0.5191647,0.48299757,0.5512784,0.5231588
Fujimori,Fujimori6,Fujimori6_resultadoskeyframe_273.jpg,0.6224123,0.54629415,0.52313715,0.57204795,0.5573323
Fujimori,Fujimori6,Fujimori6_resultadoskeyframe_389.jpg,0.61430836,0.5408809,0.50627327,0.5642816,0.54584527
Fujimori,Fujimori6,Fujimori6_resultadoskeyframe_487.jpg,0.59409416,0.54627717,0.49837357,0.55515647,0.53484213
Fujimori,Fujimori6,Fujimori6_resultadoskeyframe_522.jpg,0.5949098,0.5363122,0.49305797,0.549472,0.5302535
Fujimori,Fujimori6,Fujimori6_resultadoskeyframe_578.jpg,0.6159699,0.5369865,0.51977146,0.5644909,0.55072784
Fujimori,Fujimori6,Fujimori6_resultadoskeyframe_62.jpg,0.6202242,0.54186213,0.51639193,0.56629217,0.5513393
Fujimori,Fujimori6,Fujimori6_resultadoskeyframe_663.jpg,0.61938757,0.54022497,0.5236065,0.56687653,0.5515534
Fujimori,Fujimori6,Fujimori6_resultadoskeyframe_702.jpg,0.6192707,0.5525698,0.52353084,0.5665471,0.5554489
Fujimori,Fujimori6,Fujimori6_resultadoskeyframe_736.jpg,0.6072625,0.54191923,0.507762,0.56649196,0.54333246
Fujimori,Fujimori6,Fujimori6_resultadoskeyframe_807.jpg,0.6225079,0.54774916,0.5209716,0.5727918,0.5547142
Fujimori,Fujimori6,Fujimori6_resultadoskeyframe_95.jpg,0.62329227,0.55749434,0.5260675,0.5716286,0.5587194
Fujimori,Fujimori7,Fujimori7_resultadoskeyframe_110.jpg,0.5956909,0.5574083,0.49237838,0.5595843,0.5397047
Fujimori,Fujimori7,Fujimori7_resultadoskeyframe_156.jpg,0.5840584,0.56281734,0.47730097,0.5507108,0.5320127
Fujimori,Fujimori7,Fujimori7_resultadoskeyframe_184.jpg,0.56488657,0.54795873,0.4563911,0.54065883,0.51847804
Fujimori,Fujimori7,Fujimori7_resultadoskeyframe_217.jpg,0.55148864,0.523173,0.44616812,0.5378842,0.505814
Fujimori,Fujimori7,Fujimori7_resultadoskeyframe_259.jpg,0.57759154,0.5392109,0.47136053,0.55336785,0.5262113
Fujimori,Fujimori7,Fujimori7_resultadoskeyframe_333.jpg,0.59861827,0.49728614,0.4977709,0.54467964,0.52253115
Fujimori,Fujimori7,Fujimori7_resultadoskeyframe_34.jpg,0.6066984,0.5751972,0.5013655,0.57011974,0.5545044
Fujimori,Fujimori7,Fujimori7_resultadoskeyframe_411.jpg,0.5718459,0.48965886,0.47046646,0.53611,0.50795186
Fujimori,Fujimori7,Fujimori7_resultadoskeyframe_437.jpg,0.58975285,0.5356159,0.49016273,0.55636036,0.53429365
Fujimori,Fujimori7,Fujimori7_resultadoskeyframe_517.jpg,0.6258303,0.5891824,0.5171366,0.58441234,0.5752897
Fujimori,Fujimori7,Fujimori7_resultadoskeyframe_555.jpg,0.6142596,0.58360434,0.5096331,0.5715058,0.56057894
Fujimori,Fujimori7,Fujimori7_resultadoskeyframe_590.jpg,0.57619476,0.5447737,0.47227842,0.55037105,0.52172387
Fujimori,Fujimori7,Fujimori7_resultadoskeyframe_671.jpg,0.62156767,0.57965136,0.51995265,0.5756115,0.56743264
Fujimori,Fujimori7,Fujimori7_resultadoskeyframe_736.jpg,0.59593105,0.5153929,0.49370638,0.55290383,0.53197587
Fujimori,Fujimori7,Fujimori7_resultadoskeyframe_775.jpg,0.5766777,0.48737496,0.47153366,0.53531116,0.50732845
Fujimori,Fujimori7,Fujimori7_resultadoskeyframe_810.jpg,0.6069497,0.5463838,0.5043982,0.5629171,0.5440403
Fujimori,Fujimori7,Fujimori7_resultadoskeyframe_863.jpg,0.615396,0.5669086,0.5113832,0.57142985,0.5577214
Lescano,Lescano1,Lescano1_resultadoskeyframe_106.jpg,0.50880945,0.47401965,0.41063043,0.5102949,0.46433076
Lescano,Lescano1,Lescano1_resultadoskeyframe_139.jpg,0.57560253,0.5514506,0.4707623,0.5639975,0.5299846
Lescano,Lescano1,Lescano1_resultadoskeyframe_14.jpg,0.5545665,0.50922036,0.45333558,0.53347313,0.49605262
Lescano,Lescano1,Lescano1_resultadoskeyframe_184.jpg,0.57414925,0.54954976,0.47116452,0.56123,0.5293958
Lescano,Lescano1,Lescano1_resultadoskeyframe_218.jpg,0.58603424,0.55412114,0.48384434,0.5648936,0.5386642
Lescano,Lescano1,Lescano1_resultadoskeyframe_264.jpg,0.5709094,0.5328396,0.47010618,0.5506966,0.52133644
Lescano,Lescano1,Lescano1_resultadoskeyframe_321.jpg,0.5535974,0.51706046,0.4483235,0.53838867,0.49726486
Lescano,Lescano1,Lescano1_resultadoskeyframe_372.jpg,0.55880535,0.53150535,0.4571575,0.5477592,0.51029855
Lescano,Lescano1,Lescano1_resultadoskeyframe_456.jpg,0.54201186,0.498989,0.4423185,0.5278452,0.48778188
Lescano,Lescano1,Lescano1_resultadoskeyframe_477.jpg,0.56244206,0.5200126,0.45497128,0.541855,0.507936
Lescano,Lescano1,Lescano1_resultadoskeyframe_506.jpg,0.5762446,0.52337736,0.4698005,0.544606,0.51258165
Lescano,Lescano1,Lescano1_resultadoskeyframe_542.jpg,0.5548521,0.51262033,0.45145047,0.5365305,0.5002575
Lescano,Lescano1,Lescano1_resultadoskeyframe_58.jpg,0.5535128,0.51927334,0.4487896,0.5363069,0.50089586
Lescano,Lescano1,Lescano1_resultadoskeyframe_583.jpg,0.5609174,0.512577,0.46114665,0.5371605,0.5041801
Lescano,Lescano1,Lescano1_resultadoskeyframe_617.jpg,0.57767487,0.53190243,0.47550142,0.55685616,0.52472293
Lescano,Lescano1,Lescano1_resultadoskeyframe_692.jpg,0.59694254,0.5644218,0.48826328,0.5738466,0.54724765
Lescano,Lescano1,Lescano1_resultadoskeyframe_739.jpg,0.5598384,0.54465115,0.45613742,0.5576854,0.52138513
Lescano,Lescano1,Lescano1_resultadoskeyframe_797.jpg,0.53662705,0.50189173,0.43564796,0.5218512,0.4844275
Lescano,Lescano1,Lescano1_resultadoskeyframe_854.jpg,0.55760765,0.5381564,0.45068154,0.55801415,0.52048635
Lescano,Lescano1,Lescano1_resultadoskeyframe_893.jpg,0.5273846,0.4867816,0.42362255,0.5195358,0.47657204
Lescano,Lescano2,Lescano2_resultadoskeyframe_127.jpg,0.5028491,0.44958395,0.40474606,0.50854063,0.45368394
Lescano,Lescano2,Lescano2_resultadoskeyframe_218.jpg,0.49581116,0.42948985,0.40010786,0.49916103,0.44214255
Lescano,Lescano2,Lescano2_resultadoskeyframe_311.jpg,0.5036979,0.44545406,0.4057056,0.5072292,0.4521212
Lescano,Lescano2,Lescano2_resultadoskeyframe_380.jpg,0.504122,0.4436662,0.40806353,0.50931096,0.45374727
Lescano,Lescano2,Lescano2_resultadoskeyframe_445.jpg,0.49790168,0.44884875,0.39872736,0.50367403,0.44885045
Lescano,Lescano2,Lescano2_resultadoskeyframe_496.jpg,0.49522543,0.4380743,0.39885765,0.50017667,0.44410232
Lescano,Lescano2,Lescano2_resultadoskeyframe_557.jpg,0.49204683,0.43564823,0.39577305,0.49845475,0.441852
Lescano,Lescano2,Lescano2_resultadoskeyframe_595.jpg,0.49944884,0.4430948,0.40267143,0.5054484,0.4501347
Lescano,Lescano2,Lescano2_resultadoskeyframe_636.jpg,0.5069804,0.45576698,0.40803224,0.51319206,0.45915008
Lescano,Lescano2,Lescano2_resultadoskeyframe_690.jpg,0.49731764,0.43767715,0.4000677,0.49886888,0.44319874
Lescano,Lescano2,Lescano2_resultadoskeyframe_762.jpg,0.5096461,0.46107727,0.41325188,0.51171046,0.46421993
Lescano,Lescano2,Lescano2_resultadoskeyframe_814.jpg,0.49490768,0.4278679,0.399899,0.4999748,0.4428876
Lescano,Lescano2,Lescano2_resultadoskeyframe_886.jpg,0.4980418,0.43508244,0.40031648,0.49917495,0.4426329
Lescano,Lescano2,Lescano2_resultadoskeyframe_90.jpg,0.5102376,0.4659945,0.41355017,0.5151701,0.46567836
Lescano,Lescano3,Lescano3_resultadoskeyframe_132.jpg,0.55007327,0.49964914,0.45567858,0.5459262,0.5013814
Lescano,Lescano3,Lescano3_resultadoskeyframe_194.jpg,0.5126749,0.4537878,0.4166541,0.510295,0.458498
Lescano,Lescano3,Lescano3_resultadoskeyframe_256.jpg,0.5389936,0.48051697,0.44165462,0.5270482,0.48256135
Lescano,Lescano3,Lescano3_resultadoskeyframe_285.jpg,0.5128171,0.4759566,0.4189656,0.5182171,0.46995187
Lescano,Lescano3,Lescano3_resultadoskeyframe_315.jpg,0.5254544,0.4773563,0.4334216,0.52506495,0.47679925
Lescano,Lescano3,Lescano3_resultadoskeyframe_389.jpg,0.5295665,0.4612429,0.43479347,0.52138853,0.46945143
Lescano,Lescano3,Lescano3_resultadoskeyframe_437.jpg,0.5185194,0.45562991,0.42532605,0.5159503,0.46385336
Lescano,Lescano3,Lescano3_resultadoskeyframe_470.jpg,0.5240113,0.44579503,0.42325512,0.50933856,0.46089542
Lescano,Lescano3,Lescano3_resultadoskeyframe_502.jpg,0.53255534,0.4639271,0.4359874,0.5179518,0.47202086
Lescano,Lescano3,Lescano3_resultadoskeyframe_521.jpg,0.53516984,0.46206132,0.4345907,0.512896,0.4699418
Lescano,Lescano3,Lescano3_resultadoskeyframe_525.jpg,0.5401298,0.46720764,0.44067776,0.5147846,0.47458398
Lescano,Lescano3,Lescano3_resultadoskeyframe_564.jpg,0.5435065,0.4796325,0.4484809,0.5263813,0.4829988
Lescano,Lescano3,Lescano3_resultadoskeyframe_62.jpg,0.52528226,0.4612944,0.4296403,0.5198268,0.46799546
Lescano,Lescano3,Lescano3_resultadoskeyframe_653.jpg,0.5328684,0.46079844,0.43935984,0.5219588,0.4708668
Lescano,Lescano3,Lescano3_resultadoskeyframe_727.jpg,0.5421604,0.47974735,0.44923884,0.5313947,0.48260665
Lescano,Lescano3,Lescano3_resultadoskeyframe_822.jpg,0.53997743,0.4816695,0.44197804,0.5287629,0.48242688
Lescano,Lescano3,Lescano3_resultadoskeyframe_881.jpg,0.53940713,0.47418582,0.44170177,0.5293759,0.47954932
Lescano,Lescano4,Lescano4_resultadoskeyframe_128.jpg,0.5199393,0.47217774,0.42399365,0.52435255,0.47842324
Lescano,Lescano4,Lescano4_resultadoskeyframe_20.jpg,0.5252995,0.46630874,0.43442512,0.5235844,0.47875258
Lescano,Lescano4,Lescano4_resultadoskeyframe_230.jpg,0.51627046,0.46292374,0.4178805,0.5169264,0.4708453
Lescano,Lescano4,Lescano4_resultadoskeyframe_261.jpg,0.50519675,0.44428188,0.40815848,0.50120586,0.45301205
Lescano,Lescano4,Lescano4_resultadoskeyframe_305.jpg,0.5109441,0.4520558,0.41837293,0.51495093,0.46211398
Lescano,Lescano4,Lescano4_resultadoskeyframe_339.jpg,0.5200412,0.47041693,0.42545584,0.5225634,0.4719545
Lescano,Lescano4,Lescano4_resultadoskeyframe_414.jpg,0.5319067,0.4855255,0.44027105,0.5321233,0.48728496
Lescano,Lescano4,Lescano4_resultadoskeyframe_523.jpg,0.5174355,0.4572643,0.41835397,0.5158317,0.46443808
Lescano,Lescano4,Lescano4_resultadoskeyframe_576.jpg,0.51315516,0.45665124,0.41649443,0.51423573,0.4640618
Lescano,Lescano4,Lescano4_resultadoskeyframe_708.jpg,0.5257827,0.46798104,0.42838857,0.5184643,0.47514957
Lescano,Lescano4,Lescano4_resultadoskeyframe_780.jpg,0.5231511,0.4726506,0.42631117,0.5214251,0.47492686
Lescano,Lescano4,Lescano4_resultadoskeyframe_79.jpg,0.5180622,0.45995605,0.42697388,0.51512504,0.4692091
Lescano,Lescano4,Lescano4_resultadoskeyframe_815.jpg,0.5270479,0.47437882,0.4332201,0.5243547,0.4796937
Lescano,Lescano4,Lescano4_resultadoskeyframe_869.jpg,0.52045953,0.46007532,0.4293993,0.5207734,0.46982297
Lescano,Lescano4,Lescano4_resultadoskeyframe_98.jpg,0.52351046,0.46858096,0.43128377,0.52171063,0.47616622
Lescano,Lescano5,Lescano5_resultadoskeyframe_159.jpg,0.54873616,0.50740325,0.448448,0.5460417,0.5035991
Lescano,Lescano5,Lescano5_resultadoskeyframe_262.jpg,0.5380549,0.49864852,0.43904215,0.5378227,0.49124706
Lescano,Lescano5,Lescano5_resultadoskeyframe_287.jpg,0.5456512,0.5075118,0.44699395,0.544742,0.4993984
Lescano,Lescano5,Lescano5_resultadoskeyframe_365.jpg,0.54130834,0.50155836,0.4398914,0.5440849,0.4993716
Lescano,Lescano5,Lescano5_resultadoskeyframe_426.jpg,0.5464903,0.5163245,0.44699162,0.5495689,0.5052496
Lescano,Lescano5,Lescano5_resultadoskeyframe_485.jpg,0.56974477,0.53670484,0.46390808,0.5544895,0.52164376
Lescano,Lescano5,Lescano5_resultadoskeyframe_511.jpg,0.5581907,0.518165,0.4618768,0.55136585,0.5104498
Lescano,Lescano5,Lescano5_resultadoskeyframe_564.jpg,0.54667807,0.51456535,0.44912046,0.5458863,0.5058993
Lescano,Lescano5,Lescano5_resultadoskeyframe_640.jpg,0.5466914,0.5089161,0.45117062,0.5471036,0.5011365
Lescano,Lescano5,Lescano5_resultadoskeyframe_684.jpg,0.5333098,0.4871599,0.43311772,0.53025544,0.4866901
Lescano,Lescano5,Lescano5_resultadoskeyframe_750.jpg,0.5423082,0.47507274,0.44362316,0.53167874,0.4872161
Lescano,Lescano5,Lescano5_resultadoskeyframe_844.jpg,0.5522313,0.5089716,0.45454562,0.5467912,0.50242627
Lescano,Lescano5,Lescano5_resultadoskeyframe_891.jpg,0.54661745,0.51229334,0.44442445,0.5451366,0.50048137
Lescano,Lescano6,Lescano6_resultadoskeyframe_119.jpg,0.63149273,0.562145,0.5123924,0.5786558,0.55498457
Lescano,Lescano6,Lescano6_resultadoskeyframe_176.jpg,0.63399565,0.5664458,0.5158672,0.580068,0.5576182
Lescano,Lescano6,Lescano6_resultadoskeyframe_241.jpg,0.6258483,0.54888535,0.50529104,0.56889856,0.54353726
Lescano,Lescano6,Lescano6_resultadoskeyframe_319.jpg,0.61376613,0.56011355,0.501402,0.57352906,0.55163264
Lescano,Lescano6,Lescano6_resultadoskeyframe_339.jpg,0.62353694,0.5619148,0.5061555,0.5801469,0.5561583
Lescano,Lescano6,Lescano6_resultadoskeyframe_377.jpg,0.6150691,0.55022204,0.5036497,0.56862336,0.54288125
Lescano,Lescano6,Lescano6_resultadoskeyframe_439.jpg,0.59425974,0.5332104,0.4829049,0.556782,0.52437824
Lescano,Lescano6,Lescano6_resultadoskeyframe_533.jpg,0.61926323,0.54929566,0.4988377,0.57377183,0.53709114
Lescano,Lescano6,Lescano6_resultadoskeyframe_570.jpg,0.63176966,0.57487977,0.5223153,0.5823878,0.5575437
Lescano,Lescano6,Lescano6_resultadoskeyframe_611.jpg,0.62103105,0.57190835,0.50776845,0.5831363,0.55958045
Lescano,Lescano6,Lescano6_resultadoskeyframe_62.jpg,0.6388314,0.567956,0.5208868,0.58196247,0.5598047
Lescano,Lescano6,Lescano6_resultadoskeyframe_709.jpg,0.66355586,0.60571706,0.5496053,0.60109115,0.5866041
Lescano,Lescano6,Lescano6_resultadoskeyframe_777.jpg,0.6300383,0.5749047,0.52244353,0.57219636,0.55255216
Lescano,Lescano6,Lescano6_resultadoskeyframe_813.jpg,0.5632331,0.51937205,0.45298353,0.54670954,0.5109974
Lescano,Lescano7,Lescano7_resultadoskeyframe_113.jpg,0.5779456,0.50552416,0.46085337,0.54286885,0.5095261
Lescano,Lescano7,Lescano7_resultadoskeyframe_184.jpg,0.5728669,0.49244893,0.45731068,0.54103184,0.50351995
Lescano,Lescano7,Lescano7_resultadoskeyframe_229.jpg,0.56676644,0.5064874,0.4547303,0.5424113,0.50631243
Lescano,Lescano7,Lescano7_resultadoskeyframe_255.jpg,0.5763289,0.50457376,0.46004602,0.54122365,0.50715226
Lescano,Lescano7,Lescano7_resultadoskeyframe_302.jpg,0.5672582,0.49700236,0.45270914,0.54046285,0.5011637
Lescano,Lescano7,Lescano7_resultadoskeyframe_320.jpg,0.5717066,0.49759585,0.4596823,0.5400207,0.5057529
Lescano,Lescano7,Lescano7_resultadoskeyframe_396.jpg,0.5646414,0.49916285,0.45736372,0.54057014,0.50503695
Lescano,Lescano7,Lescano7_resultadoskeyframe_422.jpg,0.5671389,0.5031109,0.45954213,0.54158103,0.5072315
Lescano,Lescano7,Lescano7_resultadoskeyframe_513.jpg,0.5633961,0.49360913,0.45035344,0.53462905,0.49870896
Lescano,Lescano7,Lescano7_resultadoskeyframe_557.jpg,0.5660893,0.48801726,0.44963843,0.53679657,0.49357158
Lescano,Lescano7,Lescano7_resultadoskeyframe_617.jpg,0.5695977,0.5030046,0.45646495,0.5414845,0.5038359
Lescano,Lescano7,Lescano7_resultadoskeyframe_638.jpg,0.56836647,0.4906142,0.45070222,0.5363066,0.49363962
Lescano,Lescano7,Lescano7_resultadoskeyframe_679.jpg,0.55939513,0.4887398,0.44570035,0.53418434,0.49030882
Lescano,Lescano7,Lescano7_resultadoskeyframe_715.jpg,0.56100845,0.49339008,0.44797406,0.5358205,0.49444002
Lescano,Lescano7,Lescano7_resultadoskeyframe_754.jpg,0.5602143,0.49232197,0.44498843,0.5357542,0.49405426
Lescano,Lescano7,Lescano7_resultadoskeyframe_806.jpg,0.5633604,0.49181703,0.45086965,0.53393376,0.49360645
Lescano,Lescano7,Lescano7_resultadoskeyframe_859.jpg,0.5696413,0.48589155,0.44626236,0.53161705,0.49132866
Lescano,Lescano7,Lescano7_resultadoskeyframe_893.jpg,0.5700569,0.49402207,0.4538851,0.5353991,0.49682587
Lopez,Lopez1,lopez1_resultadoskeyframe_110.jpg,0.5146049,0.5133122,0.41919592,0.53284514,0.48956025
Lopez,Lopez1,lopez1_resultadoskeyframe_170.jpg,0.5473516,0.5281479,0.44729114,0.5614358,0.51630765
Lopez,Lopez1,lopez1_resultadoskeyframe_196.jpg,0.54107237,0.51939595,0.44272614,0.5451391,0.5051388
Lopez,Lopez1,lopez1_resultadoskeyframe_261.jpg,0.53450644,0.51144767,0.4297439,0.544052,0.5000083
Lopez,Lopez1,lopez1_resultadoskeyframe_312.jpg,0.5304866,0.505291,0.43121016,0.53952235,0.49270967
Lopez,Lopez1,lopez1_resultadoskeyframe_362.jpg,0.5488243,0.5165138,0.44924784,0.5497705,0.50852966
Lopez,Lopez1,lopez1_resultadoskeyframe_420.jpg,0.5337944,0.5174478,0.4332263,0.5415344,0.50020015
Lopez,Lopez1,lopez1_resultadoskeyframe_455.jpg,0.537282,0.47512054,0.4341038,0.52559876,0.47473288
Lopez,Lopez1,lopez1_resultadoskeyframe_488.jpg,0.5367887,0.5120951,0.4380927,0.54007626,0.49844483
Lopez,Lopez1,lopez1_resultadoskeyframe_524.jpg,0.5594546,0.5302342,0.45182866,0.5565045,0.5170046
Lopez,Lopez1,lopez1_resultadoskeyframe_567.jpg,0.57626057,0.54817003,0.46785456,0.56541306,0.5342678
Lopez,Lopez1,lopez1_resultadoskeyframe_596.jpg,0.5462769,0.52305627,0.4422319,0.54818225,0.50853467
Lopez,Lopez1,lopez1_resultadoskeyframe_637.jpg,0.5468526,0.5176853,0.4464587,0.546317,0.5058506
Lopez,Lopez1,lopez1_resultadoskeyframe_711.jpg,0.54036736,0.5159757,0.43809718,0.5430957,0.5031068
Lopez,Lopez1,lopez1_resultadoskeyframe_774.jpg,0.5491645,0.5334971,0.44531122,0.55740535,0.51623696
Lopez,Lopez1,lopez1_resultadoskeyframe_812.jpg,0.54613507,0.5118388,0.44528234,0.539498,0.5028133
Lopez,Lopez2,lopez2_resultadoskeyframe_152.jpg,0.6526723,0.610203,0.5451277,0.6069632,0.5953034
Lopez,Lopez2,lopez2_resultadoskeyframe_221.jpg,0.59345746,0.5518493,0.47866845,0.5653826,0.5341449
Lopez,Lopez2,lopez2_resultadoskeyframe_262.jpg,0.61238885,0.57601905,0.49921718,0.5890309,0.56317294
Lopez,Lopez2,lopez2_resultadoskeyframe_375.jpg,0.56797254,0.5188142,0.45553792,0.54201055,0.50198126
Lopez,Lopez2,lopez2_resultadoskeyframe_530.jpg,0.61980605,0.58990765,0.5124242,0.59496504,0.5704659
Lopez,Lopez2,lopez2_resultadoskeyframe_582.jpg,0.60400546,0.5674026,0.48869598,0.5831144,0.5538771
Lopez,Lopez2,lopez2_resultadoskeyframe_631.jpg,0.66062033,0.61051476,0.5422168,0.6068989,0.59478617
Lopez,Lopez2,lopez2_resultadoskeyframe_64.jpg,0.58021915,0.5615371,0.47538155,0.5687617,0.5303031
Lopez,Lopez2,lopez2_resultadoskeyframe_697.jpg,0.6348656,0.58829534,0.5197338,0.5951774,0.5725627
Lopez,Lopez2,lopez2_resultadoskeyframe_763.jpg,0.59113383,0.5423081,0.4777131,0.5628184,0.52465457
Lopez,Lopez2,lopez2_resultadoskeyframe_825.jpg,0.55417085,0.5006203,0.45067307,0.5363244,0.4907245
Lopez,Lopez2,lopez2_resultadoskeyframe_869.jpg,0.6129731,0.57953733,0.50261426,0.58730656,0.56362057
Lopez,Lopez3,lopez3_resultadoskeyframe_16.jpg,0.54475725,0.6129794,0.43238372,0.5654074,0.5284312
Lopez,Lopez3,lopez3_resultadoskeyframe_170.jpg,0.5382421,0.5370882,0.43926874,0.5341399,0.5000214
Lopez,Lopez3,lopez3_resultadoskeyframe_223.jpg,0.53344834,0.57860863,0.4256412,0.5614493,0.5120115
Lopez,Lopez3,lopez3_resultadoskeyframe_266.jpg,0.534083,0.6319621,0.4173373,0.5727765,0.52789474
Lopez,Lopez3,lopez3_resultadoskeyframe_315.jpg,0.5409188,0.6281572,0.43283296,0.57269156,0.53296876
Lopez,Lopez3,lopez3_resultadoskeyframe_37.jpg,0.5488091,0.63353586,0.43751675,0.5805744,0.5369085
Lopez,Lopez3,lopez3_resultadoskeyframe_391.jpg,0.5373398,0.6146823,0.4201954,0.56488824,0.52064896
Lopez,Lopez3,lopez3_resultadoskeyframe_457.jpg,0.53165334,0.5597093,0.42608237,0.5445295,0.5062561
Lopez,Lopez3,lopez3_resultadoskeyframe_512.jpg,0.5209398,0.49246314,0.42078024,0.5240249,0.47278675
Lopez,Lopez3,lopez3_resultadoskeyframe_562.jpg,0.534304,0.57655025,0.42262268,0.54789686,0.51197934
Lopez,Lopez3,lopez3_resultadoskeyframe_629.jpg,0.53395724,0.54984283,0.43066376,0.54352164,0.49867004
Lopez,Lopez3,lopez3_resultadoskeyframe_708.jpg,0.5480962,0.559589,0.44173098,0.55182946,0.51434565
Lopez,Lopez3,lopez3_resultadoskeyframe_764.jpg,0.5477436,0.5835221,0.43971145,0.55766225,0.5224623
Lopez,Lopez3,lopez3_resultadoskeyframe_797.jpg,0.5382998,0.52560115,0.43677527,0.54176784,0.4986753
Lopez,Lopez3,lopez3_resultadoskeyframe_82.jpg,0.55969447,0.6130129,0.448322,0.5654419,0.53618693
Lopez,Lopez3,lopez3_resultadoskeyframe_838.jpg,0.5473895,0.5701512,0.44229287,0.5544778,0.51544714
Lopez,Lopez4,lopez4_resultadoskeyframe_106.jpg,0.5615556,0.51285887,0.45794302,0.54611665,0.5121105
Lopez,Lopez4,lopez4_resultadoskeyframe_146.jpg,0.5838439,0.5449937,0.47765154,0.57111657,0.54338485
Lopez,Lopez4,lopez4_resultadoskeyframe_213.jpg,0.57965136,0.52113456,0.4709158,0.55658567,0.5244713
Lopez,Lopez4,lopez4_resultadoskeyframe_257.jpg,0.5580399,0.54036367,0.4504369,0.5526459,0.5211525
Lopez,Lopez4,lopez4_resultadoskeyframe_312.jpg,0.579082,0.529529,0.46889132,0.56154907,0.53442675
Lopez,Lopez4,lopez4_resultadoskeyframe_356.jpg,0.5671194,0.5385281,0.45741218,0.5563582,0.5286882
Lopez,Lopez4,lopez4_resultadoskeyframe_442.jpg,0.56772363,0.5252266,0.4585874,0.5516479,0.5227097
Lopez,Lopez4,lopez4_resultadoskeyframe_510.jpg,0.576954,0.53682053,0.46614298,0.5614695,0.53603995
Lopez,Lopez4,lopez4_resultadoskeyframe_545.jpg,0.570846,0.53336316,0.46098828,0.55819213,0.5311609
Lopez,Lopez4,lopez4_resultadoskeyframe_584.jpg,0.55945027,0.5310784,0.44983712,0.5529347,0.52005696
Lopez,Lopez4,lopez4_resultadoskeyframe_637.jpg,0.56268156,0.5367564,0.45340785,0.5584161,0.5256964
Lopez,Lopez4,lopez4_resultadoskeyframe_67.jpg,0.56185603,0.5571704,0.4515975,0.56489,0.53232324
Lopez,Lopez4,lopez4_resultadoskeyframe_719.jpg,0.5556882,0.5394198,0.4464829,0.5526187,0.5214535
Lopez,Lopez4,lopez4_resultadoskeyframe_755.jpg,0.56289184,0.5422921,0.45424786,0.55727136,0.52856004
Lopez,Lopez4,lopez4_resultadoskeyframe_800.jpg,0.5714384,0.53222114,0.45946285,0.55847263,0.5309988
Lopez,Lopez4,lopez4_resultadoskeyframe_839.jpg,0.56297195,0.5415417,0.4531716,0.5549368,0.5268655
Lopez,Lopez5,lopez5_resultadoskeyframe_112.jpg,0.55849886,0.49769658,0.44937938,0.533497,0.49936184
Lopez,Lopez5,lopez5_resultadoskeyframe_178.jpg,0.55166435,0.48288006,0.44868857,0.51905066,0.483359
Lopez,Lopez5,lopez5_resultadoskeyframe_215.jpg,0.56563425,0.5063967,0.4564377,0.5417588,0.51076335
Lopez,Lopez5,lopez5_resultadoskeyframe_277.jpg,0.54579693,0.48481002,0.44409126,0.523438,0.48798794
Lopez,Lopez5,lopez5_resultadoskeyframe_355.jpg,0.5793099,0.50429696,0.47126153,0.53993255,0.51103663
Lopez,Lopez5,lopez5_resultadoskeyframe_410.jpg,0.555102,0.47931457,0.45075223,0.52174234,0.48599544
Lopez,Lopez5,lopez5_resultadoskeyframe_444.jpg,0.53893065,0.4602825,0.4361346,0.5168408,0.47664142
Lopez,Lopez5,lopez5_resultadoskeyframe_529.jpg,0.56437635,0.48671934,0.45626444,0.5320931,0.50137484
Lopez,Lopez5,lopez5_resultadoskeyframe_591.jpg,0.55418575,0.51940167,0.44698724,0.5421895,0.5118586
Lopez,Lopez5,lopez5_resultadoskeyframe_727.jpg,0.55831885,0.5428567,0.44998395,0.5494442,0.5242717
Lopez,Lopez5,lopez5_resultadoskeyframe_75.jpg,0.58300644,0.5303686,0.4725474,0.55087066,0.52289563
Lopez,Lopez5,lopez5_resultadoskeyframe_769.jpg,0.5675733,0.5207042,0.46499604,0.54044354,0.5159931
Lopez,Lopez5,lopez5_resultadoskeyframe_819.jpg,0.5531583,0.48637718,0.4498109,0.5296377,0.49137163
Lopez,Lopez5,lopez5_resultadoskeyframe_872.jpg,0.5541917,0.4924277,0.4454539,0.5267482,0.49639773
Lopez,Lopez6,lopez6_resultadoskeyframe_114.jpg,0.49024093,0.4458397,0.3917953,0.5049341,0.44693017
Lopez,Lopez6,lopez6_resultadoskeyframe_151.jpg,0.48116082,0.45752087,0.3796301,0.50231564,0.44743806
Lopez,Lopez6,lopez6_resultadoskeyframe_238.jpg,0.5095475,0.47140396,0.40720305,0.5239841,0.47064278
Lopez,Lopez6,lopez6_resultadoskeyframe_339.jpg,0.48609132,0.502921,0.3794186,0.51314616,0.4701615
Lopez,Lopez6,lopez6_resultadoskeyframe_390.jpg,0.47749418,0.48681977,0.37200454,0.5048258,0.4590994
Lopez,Lopez6,lopez6_resultadoskeyframe_423.jpg,0.48826742,0.47807178,0.3895045,0.51671743,0.46270117
Lopez,Lopez6,lopez6_resultadoskeyframe_457.jpg,0.47345972,0.42311805,0.37763804,0.4954624,0.42940915
Lopez,Lopez6,lopez6_resultadoskeyframe_49.jpg,0.46931878,0.44603017,0.37072164,0.49256974,0.4343773
Lopez,Lopez6,lopez6_resultadoskeyframe_496.jpg,0.5053027,0.47964507,0.40482506,0.52225876,0.47085962
Lopez,Lopez6,lopez6_resultadoskeyframe_511.jpg,0.4866827,0.498864,0.3866921,0.51617754,0.46427736
Lopez,Lopez6,lopez6_resultadoskeyframe_519.jpg,0.45764554,0.43783742,0.36042023,0.48518908,0.4236213
Lopez,Lopez6,lopez6_resultadoskeyframe_558.jpg,0.48350757,0.43851227,0.38435477,0.5011555,0.43996263
Lopez,Lopez6,lopez6_resultadoskeyframe_613.jpg,0.46370608,0.42893457,0.36691028,0.4809205,0.42312223
Lopez,Lopez6,lopez6_resultadoskeyframe_684.jpg,0.47593135,0.44278896,0.37801313,0.49650967,0.43691015
Lopez,Lopez6,lopez6_resultadoskeyframe_775.jpg,0.49523145,0.44163418,0.39821893,0.5037338,0.44798568
Lopez,Lopez6,lopez6_resultadoskeyframe_858.jpg,0.5055281,0.50046194,0.40197057,0.5295891,0.48031968
Lopez,Lopez7,lopez7_resultadoskeyframe_122.jpg,0.55890787,0.6104971,0.4535392,0.5625738,0.5550388
Lopez,Lopez7,lopez7_resultadoskeyframe_210.jpg,0.5598701,0.62162626,0.44974276,0.5559353,0.5564195
Lopez,Lopez7,lopez7_resultadoskeyframe_263.jpg,0.5628927,0.60890776,0.4586513,0.5592452,0.5550852
Lopez,Lopez7,lopez7_resultadoskeyframe_314.jpg,0.5656787,0.6038978,0.45819187,0.55927414,0.55753696
Lopez,Lopez7,lopez7_resultadoskeyframe_361.jpg,0.5503031,0.60629636,0.44039673,0.55390066,0.5481025
Lopez,Lopez7,lopez7_resultadoskeyframe_463.jpg,0.5424856,0.62878597,0.43194747,0.55967295,0.55175114
Lopez,Lopez7,lopez7_resultadoskeyframe_48.jpg,0.5421226,0.6272081,0.43450713,0.55487317,0.5464889
Lopez,Lopez7,lopez7_resultadoskeyframe_541.jpg,0.559579,0.59837484,0.45842922,0.5572,0.5484113
Lopez,Lopez7,lopez7_resultadoskeyframe_569.jpg,0.5725864,0.6255381,0.46640486,0.5644891,0.5650331
Lopez,Lopez7,lopez7_resultadoskeyframe_644.jpg,0.55336976,0.6035886,0.4489603,0.55173707,0.5477977
Lopez,Lopez7,lopez7_resultadoskeyframe_704.jpg,0.5492153,0.6079759,0.4467048,0.5606717,0.5448564
Lopez,Lopez7,lopez7_resultadoskeyframe_76.jpg,0.5565124,0.6100975,0.45124215,0.55886704,0.55002844
Lopez,Lopez7,lopez7_resultadoskeyframe_762.jpg,0.5542643,0.6122271,0.44928455,0.5566162,0.54992783
Lopez,Lopez7,lopez7_resultadoskeyframe_892.jpg,0.5517281,0.6080129,0.44686502,0.55403143,0.5496502
Mendoza,Mendoza1,Mendoza1_keyframe_138.jpg,0.59659797,0.54308724,0.5110899,0.56316584,0.5477749
Mendoza,Mendoza1,Mendoza1_keyframe_171.jpg,0.61240625,0.5528548,0.52751285,0.57082623,0.5604986
Mendoza,Mendoza1,Mendoza1_keyframe_208.jpg,0.6074858,0.5613682,0.5221821,0.570777,0.5628046
Mendoza,Mendoza1,Mendoza1_keyframe_242.jpg,0.62646025,0.5757618,0.5418179,0.5814307,0.57722807
Mendoza,Mendoza1,Mendoza1_keyframe_249.jpg,0.5801952,0.5233406,0.49213523,0.54918826,0.5297364
Mendoza,Mendoza1,Mendoza1_keyframe_303.jpg,0.5970504,0.5592457,0.50961983,0.56646794,0.5549933
Mendoza,Mendoza1,Mendoza1_keyframe_350.jpg,0.60786945,0.56806016,0.5209397,0.5754167,0.5676887
Mendoza,Mendoza1,Mendoza1_keyframe_379.jpg,0.59822667,0.56669676,0.5098504,0.5683049,0.55855024
Mendoza,Mendoza1,Mendoza1_keyframe_410.jpg,0.6100366,0.57697594,0.5221503,0.5720092,0.5667533
Mendoza,Mendoza1,Mendoza1_keyframe_459.jpg,0.6176041,0.5629108,0.5308934,0.5755719,0.5668968
Mendoza,Mendoza1,Mendoza1_keyframe_497.jpg,0.63198245,0.5822625,0.5499623,0.5819705,0.58257854
Mendoza,Mendoza1,Mendoza1_keyframe_578.jpg,0.6210468,0.5757588,0.53504074,0.5781756,0.57305646
Mendoza,Mendoza1,Mendoza1_keyframe_618.jpg,0.6158258,0.5790726,0.5315933,0.5754426,0.5714613
Mendoza,Mendoza1,Mendoza1_keyframe_65.jpg,0.5972932,0.56467503,0.51174784,0.5664364,0.5538362
Mendoza,Mendoza1,Mendoza1_keyframe_680.jpg,0.6144724,0.5751879,0.52796245,0.57298577,0.56690013
Mendoza,Mendoza1,Mendoza1_keyframe_759.jpg,0.6033381,0.55845404,0.51643443,0.5691995,0.5565866
Mendoza,Mendoza1,Mendoza1_keyframe_802.jpg,0.60350883,0.5544597,0.5167668,0.56454074,0.5528816
Mendoza,Mendoza1,Mendoza1_keyframe_845.jpg,0.61660326,0.57020456,0.5306091,0.5745951,0.56825215
Mendoza,Mendoza2,Mendoza2_keyframe_125.jpg,0.6308658,0.5640931,0.531919,0.57247365,0.5587361
Mendoza,Mendoza2,Mendoza2_keyframe_208.jpg,0.6405573,0.5766921,0.5444931,0.5821059,0.57010865
Mendoza,Mendoza2,Mendoza2_keyframe_249.jpg,0.60317975,0.5532291,0.50056064,0.55745673,0.53628826
Mendoza,Mendoza2,Mendoza2_keyframe_307.jpg,0.6241833,0.56111,0.5234924,0.55775964,0.5446917
Mendoza,Mendoza2,Mendoza2_keyframe_354.jpg,0.6076424,0.54246426,0.4995333,0.55226266,0.52964365
Mendoza,Mendoza2,Mendoza2_keyframe_398.jpg,0.631189,0.5653411,0.5278938,0.5633627,0.5509188
Mendoza,Mendoza2,Mendoza2_keyframe_436.jpg,0.6481782,0.5854658,0.5499557,0.57117784,0.56828755
Mendoza,Mendoza2,Mendoza2_keyframe_500.jpg,0.6213528,0.56499815,0.51929116,0.5657693,0.5500884
Mendoza,Mendoza2,Mendoza2_keyframe_529.jpg,0.52502894,0.46708617,0.41756195,0.4828784,0.44775712
Mendoza,Mendoza2,Mendoza2_keyframe_632.jpg,0.61819303,0.5527253,0.51147544,0.5562229,0.5427575
Mendoza,Mendoza2,Mendoza2_keyframe_731.jpg,0.5918411,0.5399282,0.49103183,0.53760594,0.5188843
Mendoza,Mendoza2,Mendoza2_keyframe_791.jpg,0.57011664,0.5101331,0.45945635,0.518017,0.48891503
Mendoza,Mendoza2,Mendoza2_keyframe_94.jpg,0.5882347,0.527398,0.4834198,0.53708655,0.51611906
Mendoza,Mendoza3,Mendoza3_keyframe_147.jpg,0.59687024,0.54336774,0.49712005,0.5654255,0.5440538
Mendoza,Mendoza3,Mendoza3_keyframe_19.jpg,0.60656416,0.56651646,0.50578725,0.57233214,0.5517591
Mendoza,Mendoza3,Mendoza3_keyframe_204.jpg,0.6076652,0.56117445,0.5077154,0.56930286,0.5524233
Mendoza,Mendoza3,Mendoza3_keyframe_272.jpg,0.61461604,0.573839,0.5214971,0.57943594,0.5641826
Mendoza,Mendoza3,Mendoza3_keyframe_310.jpg,0.5760766,0.53219354,0.4774056,0.5553825,0.5251626
Mendoza,Mendoza3,Mendoza3_keyframe_391.jpg,0.57834756,0.54731846,0.48147643,0.5594028,0.53242946
Mendoza,Mendoza3,Mendoza3_keyframe_454.jpg,0.5785216,0.530655,0.4850098,0.56105554,0.5300304
Mendoza,Mendoza3,Mendoza3_keyframe_496.jpg,0.63040936,0.5905086,0.5284568,0.5889106,0.576151
Mendoza,Mendoza3,Mendoza3_keyframe_534.jpg,0.6157916,0.5731862,0.51050675,0.5762875,0.5587266
Mendoza,Mendoza3,Mendoza3_keyframe_562.jpg,0.6084732,0.5574987,0.50496995,0.5701335,0.55112034
Mendoza,Mendoza3,Mendoza3_keyframe_613.jpg,0.62468404,0.57536864,0.5278797,0.5764375,0.5685807
Mendoza,Mendoza3,Mendoza3_keyframe_665.jpg,0.61180294,0.56633323,0.5113571,0.5709778,0.55546665
Mendoza,Mendoza3,Mendoza3_keyframe_711.jpg,0.6434514,0.5948639,0.5470654,0.58811295,0.5856168
Mendoza,Mendoza3,Mendoza3_keyframe_771.jpg,0.61206746,0.5595206,0.50407976,0.57502055,0.5568135
Mendoza,Mendoza3,Mendoza3_keyframe_810.jpg,0.61812115,0.5695325,0.5202469,0.5794494,0.56510377
Mendoza,Mendoza3,Mendoza3_keyframe_847.jpg,0.6128403,0.574743,0.50950056,0.5828777,0.5620035
Mendoza,Mendoza3,Mendoza3_keyframe_92.jpg,0.6029523,0.55681795,0.5030278,0.5694008,0.549129
Mendoza,Mendoza4,Mendoza4_keyframe_13.jpg,0.5564184,0.50090694,0.45184344,0.54341924,0.508451
Mendoza,Mendoza4,Mendoza4_keyframe_137.jpg,0.57687044,0.5028984,0.4685204,0.5509137,0.51978874
Mendoza,Mendoza4,Mendoza4_keyframe_202.jpg,0.60411775,0.5339043,0.49750027,0.5667205,0.54617965
Mendoza,Mendoza4,Mendoza4_keyframe_244.jpg,0.57067907,0.49806654,0.4645738,0.5470345,0.51349306
Mendoza,Mendoza4,Mendoza4_keyframe_293.jpg,0.5848906,0.5191545,0.47932518,0.55367875,0.52874154
Mendoza,Mendoza4,Mendoza4_keyframe_321.jpg,0.56594396,0.49360204,0.4599087,0.54392993,0.50860345
Mendoza,Mendoza4,Mendoza4_keyframe_371.jpg,0.57522076,0.501703,0.471304,0.54656726,0.51786554
Mendoza,Mendoza4,Mendoza4_keyframe_39.jpg,0.5855315,0.5202112,0.48023266,0.55889106,0.53260946
Mendoza,Mendoza4,Mendoza4_keyframe_429.jpg,0.52645177,0.46483752,0.42638725,0.52598333,0.48051032
Mendoza,Mendoza4,Mendoza4_keyframe_515.jpg,0.56863445,0.5122798,0.4620962,0.5467427,0.51461613
Mendoza,Mendoza4,Mendoza4_keyframe_547.jpg,0.56731415,0.51784533,0.46325737,0.5497663,0.5148112
Mendoza,Mendoza4,Mendoza4_keyframe_618.jpg,0.5792135,0.52877086,0.47591332,0.5548539,0.5285233
Mendoza,Mendoza4,Mendoza4_keyframe_688.jpg,0.5531529,0.48726794,0.44795805,0.5428047,0.5046063
Mendoza,Mendoza4,Mendoza4_keyframe_726.jpg,0.5768745,0.5212364,0.472035,0.5616463,0.53062093
Mendoza,Mendoza4,Mendoza4_keyframe_799.jpg,0.57044125,0.51533175,0.46520516,0.5534117,0.5212506
Mendoza,Mendoza4,Mendoza4_keyframe_822.jpg,0.57095677,0.51551235,0.46486664,0.55307376,0.519752
Mendoza,Mendoza4,Mendoza4_keyframe_83.jpg,0.56751823,0.50891984,0.46493512,0.5444788,0.51533365
Mendoza,Mendoza4,Mendoza4_keyframe_860.jpg,0.57635015,0.5048692,0.46995312,0.55209017,0.52099687
Mendoza,Mendoza5,Mendoza5_keyframe_116.jpg,0.55185086,0.49545223,0.46078932,0.5376791,0.49450377
Mendoza,Mendoza5,Mendoza5_keyframe_156 - copia (2).jpg,0.556966,0.49917808,0.46647993,0.5400655,0.4986258
Mendoza,Mendoza5,Mendoza5_keyframe_156 - copia (3).jpg,0.556966,0.49917808,0.46647993,0.5400655,0.4986258
Mendoza,Mendoza5,Mendoza5_keyframe_156 - copia.jpg,0.556966,0.49917808,0.46647993,0.5400655,0.4986258
Mendoza,Mendoza5,Mendoza5_keyframe_156.jpg,0.556966,0.49917808,0.46647993,0.5400655,0.4986258
Mendoza,Mendoza5,Mendoza5_keyframe_16.jpg,0.53444135,0.49276158,0.442423,0.52901936,0.4826458
Mendoza,Mendoza5,Mendoza5_keyframe_176.jpg,0.55553627,0.49696833,0.46733114,0.5384948,0.49686605
Mendoza,Mendoza5,Mendoza5_keyframe_246.jpg,0.5387785,0.4840976,0.44716424,0.53154314,0.48289618
Mendoza,Mendoza5,Mendoza5_keyframe_296.jpg,0.53647405,0.47182047,0.44622847,0.53208447,0.48033208
Mendoza,Mendoza5,Mendoza5_keyframe_335.jpg,0.538429,0.483331,0.44740582,0.53282773,0.48432928
Mendoza,Mendoza5,Mendoza5_keyframe_369.jpg,0.53904086,0.48858005,0.4481346,0.53085566,0.48516664
Mendoza,Mendoza5,Mendoza5_keyframe_419.jpg,0.5379272,0.48290503,0.4462698,0.53165567,0.4839344
Mendoza,Mendoza5,Mendoza5_keyframe_467.jpg,0.5353918,0.4777828,0.44526532,0.5265423,0.47981697
Mendoza,Mendoza5,Mendoza5_keyframe_487.jpg,0.5446174,0.48743108,0.45581695,0.5324656,0.48805344
Mendoza,Mendoza5,Mendoza5_keyframe_523.jpg,0.5510535,0.48732442,0.46439737,0.5375154,0.49421448
Mendoza,Mendoza5,Mendoza5_keyframe_563.jpg,0.55129147,0.48884013,0.46030068,0.53914607,0.49539042
Mendoza,Mendoza5,Mendoza5_keyframe_62.jpg,0.53573424,0.4866377,0.44617617,0.5291406,0.47964334
Mendoza,Mendoza5,Mendoza5_keyframe_643.jpg,0.5256627,0.47404644,0.4346825,0.5215488,0.46998897
Mendoza,Mendoza5,Mendoza5_keyframe_677.jpg,0.5373014,0.48776817,0.4443561,0.52827996,0.48151493
Mendoza,Mendoza5,Mendoza5_keyframe_699.jpg,0.5326183,0.47608083,0.44151074,0.5303077,0.4789064
Mendoza,Mendoza5,Mendoza5_keyframe_743.jpg,0.52753806,0.47389546,0.43692997,0.5249341,0.47271383
Mendoza,Mendoza5,Mendoza5_keyframe_797.jpg,0.5210238,0.46713156,0.42934823,0.51879454,0.46698293
Mendoza,Mendoza5,Mendoza5_keyframe_844.jpg,0.51780283,0.46111292,0.42655703,0.5152605,0.46259815
Mendoza,Mendoza6,Mendoza6_keyframe_108.jpg,0.47875863,0.41890615,0.38522938,0.48611024,0.4287717
Mendoza,Mendoza6,Mendoza6_keyframe_154.jpg,0.53854287,0.45768687,0.4481088,0.52653617,0.48411357
Mendoza,Mendoza6,Mendoza6_keyframe_194.jpg,0.5245378,0.44680324,0.42943555,0.5172441,0.46664757
Mendoza,Mendoza6,Mendoza6_keyframe_240.jpg,0.5056806,0.4287077,0.41119677,0.5099706,0.45048335
Mendoza,Mendoza6,Mendoza6_keyframe_27.jpg,0.51939976,0.44843057,0.42812747,0.5133845,0.46829182
Mendoza,Mendoza6,Mendoza6_keyframe_292.jpg,0.56812274,0.48319483,0.47988522,0.53862095,0.509397
Mendoza,Mendoza6,Mendoza6_keyframe_318.jpg,0.52934515,0.44173908,0.4345618,0.52813256,0.4723102
Mendoza,Mendoza6,Mendoza6_keyframe_376.jpg,0.50628054,0.4448018,0.40990913,0.5093564,0.45664233
Mendoza,Mendoza6,Mendoza6_keyframe_440.jpg,0.5465482,0.47283974,0.45393133,0.5370216,0.49313056
Mendoza,Mendoza6,Mendoza6_keyframe_535.jpg,0.50926685,0.42112064,0.41780156,0.50951934,0.4491932
Mendoza,Mendoza6,Mendoza6_keyframe_57.jpg,0.5199157,0.44029456,0.42456877,0.513249,0.46233016
Mendoza,Mendoza6,Mendoza6_keyframe_606.jpg,0.50966907,0.43165314,0.41580683,0.5060042,0.45096725
Mendoza,Mendoza6,Mendoza6_keyframe_680.jpg,0.5142504,0.4375425,0.41976196,0.51157355,0.45735726
Mendoza,Mendoza6,Mendoza6_keyframe_739.jpg,0.48042935,0.41093364,0.38361174,0.48704457,0.42584404
Mendoza,Mendoza7,Mendoza7_keyframe_130.jpg,0.5809339,0.52366227,0.47892582,0.5534483,0.5214422
Mendoza,Mendoza7,Mendoza7_keyframe_185.jpg,0.6128857,0.5219096,0.5082306,0.57043827,0.5479294
Mendoza,Mendoza7,Mendoza7_keyframe_242.jpg,0.5645199,0.5241093,0.4606689,0.54587716,0.5108675
Mendoza,Mendoza7,Mendoza7_keyframe_256.jpg,0.59712744,0.5076077,0.49520743,0.5613462,0.53253555
Mendoza,Mendoza7,Mendoza7_keyframe_334.jpg,0.53720176,0.45385432,0.43017262,0.52269894,0.47157085
Mendoza,Mendoza7,Mendoza7_keyframe_400.jpg,0.60024357,0.5050603,0.49740756,0.55805314,0.53121847
Mendoza,Mendoza7,Mendoza7_keyframe_489.jpg,0.5812556,0.53939843,0.47483253,0.55791354,0.5284575
Mendoza,Mendoza7,Mendoza7_keyframe_552.jpg,0.5724094,0.48615155,0.47066134,0.54326785,0.51263124
Mendoza,Mendoza7,Mendoza7_keyframe_593.jpg,0.59484035,0.56299627,0.49582636,0.560192,0.5400058
Mendoza,Mendoza7,Mendoza7_keyframe_676.jpg,0.5656309,0.48134822,0.46108133,0.54092777,0.505652
